id,Giocatore_Supa,Giocatore_TM,Club_Supa,Club_TM,name_clean,nome_clean
44,Fullkrug,Niclas Füllkrug,Milan,Associazione Calcio Milan,niclas fullkrug,fullkrug
50,Borrelli,Gennaro Borrelli,Cagliari,Cagliari Calcio,gennaro borrelli,borrelli
34,Kilicsoy,Semih Kılıçsoy,Cagliari,Cagliari Calcio,semih kilicsoy,kilicsoy
896,Lahdo,Adrian Lahdo,Como,Calcio Como,adrian lahdo,lahdo
897,Bakola,Darryl Bakola,Sassuolo,Unione Sportiva Sassuolo Calcio,darryl bakola,bakola
870,Bozhinov,Rosen Bozhinov,Pisa,Pisa Sporting Club,rosen bozhinov,bozhinov
305,Faye,Mikayil Faye,Cremonese,Unione Sportiva Cremonese S.p.A.,mikayil faye,faye
904,Balbo,Luis Balbo,Fiorentina,Associazione Calcio Fiorentina,luis balbo,balbo
874,Lirola,Pol Lirola,Verona,Verona Hellas Football Club,pol lirola,lirola
335,Lykogiannis,Charalampos Lykogiannis,Bologna,Bologna Football Club 1909,charalampos lykogiannis,lykogiannis
879,Zatterstrom,Nils Zätterström,Genoa,Genoa Cricket and Football Club,nils zatterstrom,zatterstrom
304,Coulibaly W.,Woyo Coulibaly,Sassuolo,Unione Sportiva Sassuolo Calcio,woyo coulibaly,coulibaly w.
337,Vitik,Martin Vitík,Bologna,Bologna Football Club 1909,martin vitik,vitik
423,Kossounou,Odilon Kossounou,Atalanta,Atalanta Bergamasca Calcio S.p.a.,odilon kossounou,kossounou
398,Hien,Isak Hien,Atalanta,Atalanta Bergamasca Calcio S.p.a.,isak hien,hien
417,Circati,Alessandro Circati,Parma,Parma Calcio 1913,alessandro circati,circati
414,Angori,Samuele Angori,Pisa,Pisa Sporting Club,samuele angori,angori
416,Delprato,Enrico Delprato,Parma,Parma Calcio 1913,enrico delprato,delprato
412,Zappacosta,Davide Zappacosta,Atalanta,Atalanta Bergamasca Calcio S.p.a.,davide zappacosta,zappacosta
903,Mendy P.,Paul Mendy,Cagliari,Cagliari Calcio,paul mendy,mendy p.
674,Augello,Tommaso Augello,Cagliari,Cagliari Calcio,tommaso augello,augello
887,Przyborek,Adrian Przyborek,Lazio,Società Sportiva Lazio S.p.A.,adrian przyborek,przyborek
892,Zaragoza,Bryan Zaragoza,Roma,Associazione Sportiva Roma,bryan zaragoza,zaragoza
893,Santos A.,Alisson Santos,Napoli,Società Sportiva Calcio Napoli,alisson santos,santos a.
260,Zambo Anguissa,Frank Anguissa,Napoli,Società Sportiva Calcio Napoli,frank anguissa,zambo anguissa
261,Modric,Luka Modrić,Milan,Associazione Calcio Milan,luka modric,modric
252,Zielinski,Piotr Zielinski,Inter,Football Club Internazionale Milano S.p.A.,piotr zielinski,zielinski
268,Paz N.,Nico Paz,Como,Calcio Como,nico paz,paz n.
894,Pedro Felipe,Pedro Felipe,Sassuolo,Unione Sportiva Sassuolo Calcio,pedro felipe,pedro felipe
384,Kristensen T.,Thomas Kristensen,Udinese,Udinese Calcio,thomas kristensen,kristensen t.
899,Siviero,Lapo Siviero,Torino,Torino Calcio,lapo siviero,siviero
727,Corazza,Tommaso Corazza,Bologna,Bologna Football Club 1909,tommaso corazza,corazza
692,Magnani,Giangiacomo Magnani,Verona,Verona Hellas Football Club,giangiacomo magnani,magnani
835,Grandi,Matteo Grandi,Venezia,Venezia FC,matteo grandi,grandi
552,Sverko,Marin Šverko,Venezia,Venezia FC,marin sverko,sverko
640,Dani Silva,Dani Silva,Verona,Verona Hellas Football Club,dani silva,dani silva
697,Bagnolini,Nicola Bagnolini,Bologna,Bologna Football Club 1909,nicola bagnolini,bagnolini
678,Akinsamiro,Ebenezer Akinsanmiro,Pisa,Pisa Sporting Club,ebenezer akinsanmiro,akinsamiro
597,Pereiro,Gastón Pereiro,Genoa,Genoa Cricket and Football Club,gaston pereiro,pereiro
56,Ratkov,Petar Ratkov,Lazio,Società Sportiva Lazio S.p.A.,petar ratkov,ratkov
883,Amorim,Amorim,Genoa,Genoa Cricket and Football Club,amorim,amorim
877,Loyola,Felipe Loyola,Pisa,Pisa Sporting Club,felipe loyola,loyola
256,Odgaard,Jens Odgaard,Bologna,Bologna Football Club 1909,jens odgaard,odgaard
258,Saelemaekers,Alexis Saelemaekers,Milan,Associazione Calcio Milan,alexis saelemaekers,saelemaekers
889,Raterink,Othniël Raterink,Cagliari,Cagliari Calcio,othniel raterink,raterink
324,Albiol,Raúl Albiol,Pisa,Pisa Sporting Club,raul albiol,albiol
898,Mlacic,Branimir Mlacic,Udinese,Udinese Calcio,branimir mlacic,mlacic
873,Helland,Eivind Helland,Bologna,Bologna Football Club 1909,eivind helland,helland
339,Ziolkowski,Jan Ziolkowski,Roma,Associazione Sportiva Roma,jan ziolkowski,ziolkowski
378,Fortini,Niccolò Fortini,Fiorentina,Associazione Calcio Fiorentina,niccolo fortini,fortini
338,Rodriguez Ju.,Juan Rodríguez,Cagliari,Cagliari Calcio,juan rodriguez,rodriguez ju.
402,Lazaro,Valentino Lazaro,Torino,Torino Calcio,valentino lazaro,lazaro
370,Doig,Josh Doig,Sassuolo,Unione Sportiva Sassuolo Calcio,josh doig,doig
380,Bianchetti,Matteo Bianchetti,Cremonese,Unione Sportiva Cremonese S.p.A.,matteo bianchetti,bianchetti
280,Ebosse,Enzo Ebosse,Torino,Torino Calcio,enzo ebosse,ebosse
386,Walukiewicz,Sebastian Walukiewicz,Sassuolo,Unione Sportiva Sassuolo Calcio,sebastian walukiewicz,walukiewicz
376,Acerbi,Francesco Acerbi,Inter,Football Club Internazionale Milano S.p.A.,francesco acerbi,acerbi
334,Van Der Brempt,Ignace Van der Brempt,Como,Calcio Como,ignace van der brempt,van der brempt
891,Edmundsson,Andrias Edmundsson,Verona,Verona Hellas Football Club,andrias edmundsson,edmundsson
275,Siebert,Jamil Siebert,Lecce,Unione Sportiva Lecce,jamil siebert,siebert
385,Ismajli,Ardian Ismajli,Torino,Torino Calcio,ardian ismajli,ismajli
389,Caracciolo A.,Antonio Caracciolo,Pisa,Pisa Sporting Club,antonio caracciolo,caracciolo a.
353,Smolcic I.,Ivan Smolcic,Como,Calcio Como,ivan smolcic,smolcic i.
397,Bellanova,Raoul Bellanova,Atalanta,Atalanta Bergamasca Calcio S.p.a.,raoul bellanova,bellanova
396,Lucumì,Jhon Lucumí,Bologna,Bologna Football Club 1909,jhon lucumi,lucumi
895,Garcia U.,Ulisses Garcia,Sassuolo,Unione Sportiva Sassuolo Calcio,ulisses garcia,garcia u.
409,Zortea,Nadir Zortea,Bologna,Bologna Football Club 1909,nadir zortea,zortea
411,Mina,Yerry Mina,Cagliari,Cagliari Calcio,yerry mina,mina
558,Alli,Dele Alli,Como,Calcio Como,dele alli,alli
630,Kovalenko,Viktor Kovalenko,Empoli,FC Empoli,viktor kovalenko,kovalenko
400,Heggem,Torbjørn Heggem,Bologna,Bologna Football Club 1909,torbjorn heggem,heggem
404,Gabbia,Matteo Gabbia,Milan,Associazione Calcio Milan,matteo gabbia,gabbia
401,Idzes,Jay Idzes,Sassuolo,Unione Sportiva Sassuolo Calcio,jay idzes,idzes
390,Tomori,Fikayo Tomori,Milan,Associazione Calcio Milan,fikayo tomori,tomori
391,Gallo,Antonino Gallo,Lecce,Unione Sportiva Lecce,antonino gallo,gallo
425,Tiago Gabriel,Tiago Gabriel,Lecce,Unione Sportiva Lecce,tiago gabriel,tiago gabriel
18,Bravo,Iker Bravo,Udinese,Udinese Calcio,iker bravo,bravo
840,Coman F.,Florinel Coman,Cagliari,Cagliari Calcio,florinel coman,coman f.
729,Carboni A.,Andrea Carboni,Monza,AC Monza,andrea carboni,carboni a.
811,Wieteska,Mateusz Wieteska,Cagliari,Cagliari Calcio,mateusz wieteska,wieteska
673,Sambia,Junior Sambia,Empoli,FC Empoli,junior sambia,sambia
739,Oudin,Rémi Oudin,Lecce,Unione Sportiva Lecce,remi oudin,oudin
637,Braunoder,Matthias Braunöder,Como,Calcio Como,matthias braunoder,braunoder
559,Partipilo,Anthony Partipilo,Parma,Parma Calcio 1913,anthony partipilo,partipilo
833,Verdi,Simone Verdi,Como,Calcio Como,simone verdi,verdi
633,Haj Mohamed,Anas Haj Mohamed,Parma,Parma Calcio 1913,anas haj mohamed,haj mohamed
787,Vlahovic V.,Vanja Vlahović,Atalanta,Atalanta Bergamasca Calcio S.p.a.,vanja vlahovic,vlahovic v.
723,Baselli,Daniele Baselli,Como,Calcio Como,daniele baselli,baselli
886,Bowie,Kieron Bowie,Verona,Verona Hellas Football Club,kieron bowie,bowie
890,Boga,Jérémie Boga,Juventus,Juventus Football Club,jeremie boga,boga
281,Slotsager,Tobias Slotsager,Verona,Verona Hellas Football Club,tobias slotsager,slotsager
325,Tsimikas,Konstantinos Tsimikas,Roma,Associazione Sportiva Roma,konstantinos tsimikas,tsimikas
364,Comuzzo,Pietro Comuzzo,Fiorentina,Associazione Calcio Fiorentina,pietro comuzzo,comuzzo
395,Zappa,Gabriele Zappa,Cagliari,Cagliari Calcio,gabriele zappa,zappa
357,Pedersen,Marcus Pedersen,Torino,Torino Calcio,marcus pedersen,pedersen
433,Maripan,Guillermo Maripán,Torino,Torino Calcio,guillermo maripan,maripan
387,Muharemovic,Tarik Muharemović,Sassuolo,Unione Sportiva Sassuolo Calcio,tarik muharemovic,muharemovic
367,Bernasconi,Lorenzo Bernasconi,Atalanta,Atalanta Bergamasca Calcio S.p.a.,lorenzo bernasconi,bernasconi
448,Coco,Saúl Coco,Torino,Torino Calcio,saul coco,coco
363,Dodò,Dodô,Fiorentina,Associazione Calcio Fiorentina,dodo,dodo
432,Solet,Oumar Solet,Udinese,Udinese Calcio,oumar solet,solet
493,Nava,Lapo Nava,Cremonese,Unione Sportiva Cremonese S.p.A.,lapo nava,nava
524,Carnesecchi,Marco Carnesecchi,Atalanta,Atalanta Bergamasca Calcio S.p.a.,marco carnesecchi,carnesecchi
687,Caputo,Francesco Caputo,Empoli,FC Empoli,francesco caputo,caputo
751,Candela,Antonio Candela,Venezia,Venezia FC,antonio candela,candela
702,Petagna,Andrea Petagna,Monza,AC Monza,andrea petagna,petagna
857,Alidou,Faride Alidou,Verona,Verona Hellas Football Club,faride alidou,alidou
694,Gytkjaer,Christian Gytkjaer,Venezia,Venezia FC,christian gytkjaer,gytkjaer
553,De Marzi,Giorgio De Marzi,Roma,Associazione Sportiva Roma,giorgio de marzi,de marzi
276,Kouadio,Eddy Kouadio,Fiorentina,Associazione Calcio Fiorentina,eddy kouadio,kouadio
316,Ndaba,Corrie Ndaba,Lecce,Unione Sportiva Lecce,corrie ndaba,ndaba
298,Gigot,Samuel Gigot,Lazio,Società Sportiva Lazio S.p.A.,samuel gigot,gigot
320,Ceccherini,Federico Ceccherini,Cremonese,Unione Sportiva Cremonese S.p.A.,federico ceccherini,ceccherini
318,Rugani,Daniele Rugani,Fiorentina,Associazione Calcio Fiorentina,daniele rugani,rugani
312,Zemura,Jordan Zemura,Udinese,Udinese Calcio,jordan zemura,zemura
345,Calabresi,Arturo Calabresi,Pisa,Pisa Sporting Club,arturo calabresi,calabresi
329,Marianucci,Luca Marianucci,Torino,Torino Calcio,luca marianucci,marianucci
297,Patric,Patric,Lazio,Società Sportiva Lazio S.p.A.,patric,patric
301,Sabelli,Stefano Sabelli,Genoa,Genoa Cricket and Football Club,stefano sabelli,sabelli
292,Mazzocchi,Pasquale Mazzocchi,Napoli,Società Sportiva Calcio Napoli,pasquale mazzocchi,mazzocchi
347,Juan Jesus,Juan Jesus,Napoli,Società Sportiva Calcio Napoli,juan jesus,juan jesus
351,Pezzella Giu.,Giuseppe Pezzella,Cremonese,Unione Sportiva Cremonese S.p.A.,giuseppe pezzella,pezzella giu.
346,Olivera,Mathías Olivera,Napoli,Società Sportiva Calcio Napoli,mathias olivera,olivera
360,Veiga D.,Danilo Veiga,Lecce,Unione Sportiva Lecce,danilo veiga,veiga d.
374,Pellegrini Lu.,Luca Pellegrini,Lazio,Società Sportiva Lazio S.p.A.,luca pellegrini,pellegrini lu.
375,Gatti,Federico Gatti,Juventus,Juventus Football Club,federico gatti,gatti
350,Pongracic,Marin Pongracic,Fiorentina,Associazione Calcio Fiorentina,marin pongracic,pongracic
355,Bradaric,Domagoj Bradarić,Verona,Verona Hellas Football Club,domagoj bradaric,bradaric
369,Kamara H.,Hassane Kamara,Udinese,Udinese Calcio,hassane kamara,kamara h.
317,Joao Mario,João Mário,Bologna,Bologna Football Club 1909,joao mario,joao mario
368,Frese,Martin Frese,Verona,Verona Hellas Football Club,martin frese,frese
344,Ehizibue,Kingsley Ehizibue,Udinese,Udinese Calcio,kingsley ehizibue,ehizibue
332,Provstgaard,Oliver Provstgaard,Lazio,Società Sportiva Lazio S.p.A.,oliver provstgaard,provstgaard
365,Obert,Adam Obert,Cagliari,Cagliari Calcio,adam obert,obert
876,Obrador,Rafa Obrador,Torino,Torino Calcio,rafa obrador,obrador
326,Gutierrez,Miguel Gutiérrez,Napoli,Società Sportiva Calcio Napoli,miguel gutierrez,gutierrez
341,Athekame,Zachary Athekame,Milan,Associazione Calcio Milan,zachary athekame,athekame
707,Cassandro,Tommaso Cassandro,Como,Calcio Como,tommaso cassandro,cassandro
233,Samardzic,Lazar Samardžić,Atalanta,Atalanta Bergamasca Calcio S.p.a.,lazar samardzic,samardzic
185,Lobotka,Stanislav Lobotka,Napoli,Società Sportiva Calcio Napoli,stanislav lobotka,lobotka
227,Ricci S.,Samuele Ricci,Milan,Associazione Calcio Milan,samuele ricci,ricci s.
221,Thorstvedt,Kristian Thorstvedt,Sassuolo,Unione Sportiva Sassuolo Calcio,kristian thorstvedt,thorstvedt
225,Malinovskyi,Ruslan Malinovskyi,Genoa,Genoa Cricket and Football Club,ruslan malinovskyi,malinovskyi
255,Mandragora,Rolando Mandragora,Fiorentina,Associazione Calcio Fiorentina,rolando mandragora,mandragora
215,McKennie,Weston McKennie,Juventus,Juventus Football Club,weston mckennie,mckennie
262,Zaniolo,Nicolò Zaniolo,Udinese,Udinese Calcio,nicolo zaniolo,zaniolo
264,De Bruyne,Kevin De Bruyne,Napoli,Società Sportiva Calcio Napoli,kevin de bruyne,de bruyne
278,Denoon,Daniel Denoon,Pisa,Pisa Sporting Club,daniel denoon,denoon
285,Pieragnolo,Edoardo Pieragnolo,Sassuolo,Unione Sportiva Sassuolo Calcio,edoardo pieragnolo,pieragnolo
287,Romagna,Filippo Romagna,Sassuolo,Unione Sportiva Sassuolo Calcio,filippo romagna,romagna
291,Coppola F.,Francesco Coppola,Pisa,Pisa Sporting Club,francesco coppola,coppola f.
294,Perez M.,Matías Pérez,Lecce,Unione Sportiva Lecce,matias perez,perez m.
296,Hysaj,Elseid Hysaj,Lazio,Società Sportiva Lazio S.p.A.,elseid hysaj,hysaj
302,Goldaniga,Edoardo Goldaniga,Como,Calcio Como,edoardo goldaniga,goldaniga
308,Cham,Fallou Cham,Verona,Verona Hellas Football Club,fallou cham,cham
277,Ndiaye,Abdoulaye Ndiaye,Parma,Parma Calcio 1913,abdoulaye ndiaye,ndiaye
295,Jean,Gaby Jean,Lecce,Unione Sportiva Lecce,gaby jean,jean
361,Gaspar K.,Gaspar,Lecce,Unione Sportiva Lecce,gaspar,gaspar k.
333,Otoa,Sebastian Otoa,Genoa,Genoa Cricket and Football Club,sebastian otoa,otoa
331,Lazzari,Manuel Lazzari,Lazio,Società Sportiva Lazio S.p.A.,manuel lazzari,lazzari
300,Darmian,Matteo Darmian,Inter,Football Club Internazionale Milano S.p.A.,matteo darmian,darmian
348,De Vrij,Stefan de Vrij,Inter,Football Club Internazionale Milano S.p.A.,stefan de vrij,de vrij
279,Oyegoke,Daniel Oyegoke,Verona,Verona Hellas Football Club,daniel oyegoke,oyegoke
272,Zè Pedro,Zé Pedro,Cagliari,Cagliari Calcio,ze pedro,ze pedro
307,Troilo,Mariano Troilo,Parma,Parma Calcio 1913,mariano troilo,troilo
303,Dossena,Alberto Dossena,Cagliari,Cagliari Calcio,alberto dossena,dossena
366,Kolasinac,Sead Kolasinac,Atalanta,Atalanta Bergamasca Calcio S.p.a.,sead kolasinac,kolasinac
284,Schuurs,Perr Schuurs,Torino,Torino Calcio,perr schuurs,schuurs
109,Harroui,Abdou Harroui,Verona,Verona Hellas Football Club,abdou harroui,harroui
207,Tourè I.,Idrissa Touré,Pisa,Pisa Sporting Club,idrissa toure,toure i.
236,Berisha M.,Medon Berisha,Lecce,Unione Sportiva Lecce,medon berisha,berisha m.
232,Felici,Mattia Felici,Cagliari,Cagliari Calcio,mattia felici,felici
254,Neres,David Neres,Napoli,Società Sportiva Calcio Napoli,david neres,neres
226,Loftus-Cheek,Ruben Loftus-Cheek,Milan,Associazione Calcio Milan,ruben loftus-cheek,loftus-cheek
238,Basic,Toma Bašić,Lazio,Società Sportiva Lazio S.p.A.,toma basic,basic
228,Cataldi,Danilo Cataldi,Lazio,Società Sportiva Lazio S.p.A.,danilo cataldi,cataldi
243,Thorsby,Morten Thorsby,Cremonese,Unione Sportiva Cremonese S.p.A.,morten thorsby,thorsby
219,Pasalic,Mario Pašalić,Atalanta,Atalanta Bergamasca Calcio S.p.a.,mario pasalic,pasalic
235,Volpato,Cristian Volpato,Sassuolo,Unione Sportiva Sassuolo Calcio,cristian volpato,volpato
241,Pellegrini Lo.,Lorenzo Pellegrini,Roma,Associazione Sportiva Roma,lorenzo pellegrini,pellegrini lo.
248,Konè M.,Manu Koné,Roma,Associazione Sportiva Roma,manu kone,kone m.
222,Cristante,Bryan Cristante,Roma,Associazione Sportiva Roma,bryan cristante,cristante
244,Gudmundsson A.,Albert Gudmundsson,Fiorentina,Associazione Calcio Fiorentina,albert gudmundsson,gudmundsson a.
234,Taylor K.,Kenneth Taylor,Lazio,Società Sportiva Lazio S.p.A.,kenneth taylor,taylor k.
249,Bernabè,Adrián Bernabé,Parma,Parma Calcio 1913,adrian bernabe,bernabe
237,Isaksen,Gustav Isaksen,Lazio,Società Sportiva Lazio S.p.A.,gustav isaksen,isaksen
253,Perrone,Máximo Perrone,Como,Calcio Como,maximo perrone,perrone
257,Vlasic,Nikola Vlašić,Torino,Torino Calcio,nikola vlasic,vlasic
247,Konè I.,Ismaël Koné,Sassuolo,Unione Sportiva Sassuolo Calcio,ismael kone,kone i.
259,Barella,Nicolò Barella,Inter,Football Club Internazionale Milano S.p.A.,nicolo barella,barella
266,Orsolini,Riccardo Orsolini,Bologna,Bologna Football Club 1909,riccardo orsolini,orsolini
246,Atta,Arthur Atta,Udinese,Udinese Calcio,arthur atta,atta
263,Rabiot,Adrien Rabiot,Milan,Associazione Calcio Milan,adrien rabiot,rabiot
267,Calhanoglu,Hakan Çalhanoğlu,Inter,Football Club Internazionale Milano S.p.A.,hakan calhanoglu,calhanoglu
265,McTominay,Scott McTominay,Napoli,Società Sportiva Calcio Napoli,scott mctominay,mctominay
273,Odogu,David Odogu,Milan,Associazione Calcio Milan,david odogu,odogu
327,Candè,Fali Candé,Sassuolo,Unione Sportiva Sassuolo Calcio,fali cande,cande
270,Arizala,Juan Arizala,Udinese,Udinese Calcio,juan arizala,arizala
152,Oristanio,Gaetano Oristanio,Parma,Parma Calcio 1913,gaetano oristanio,oristanio
195,Akinsanmiro,Ebenezer Akinsanmiro,Pisa,Pisa Sporting Club,ebenezer akinsanmiro,akinsanmiro
167,Tramoni M.,Matteo Tramoni,Pisa,Pisa Sporting Club,matteo tramoni,tramoni m.
131,Dele-Bashiru,Fisayo Dele-Bashiru,Lazio,Società Sportiva Lazio S.p.A.,fisayo dele-bashiru,dele-bashiru
180,Gagliardini,Roberto Gagliardini,Verona,Verona Hellas Football Club,roberto gagliardini,gagliardini
183,Sorensen O.,Oliver Sørensen,Parma,Parma Calcio 1913,oliver sorensen,sorensen o.
201,Bernede,Antoine Bernede,Verona,Verona Hellas Football Club,antoine bernede,bernede
171,Miretti,Fabio Miretti,Juventus,Juventus Football Club,fabio miretti,miretti
211,Matic,Nemanja Matić,Sassuolo,Unione Sportiva Sassuolo Calcio,nemanja matic,matic
212,Sottil,Riccardo Sottil,Lecce,Unione Sportiva Lecce,riccardo sottil,sottil
155,El Aynaoui,Neil El Aynaoui,Roma,Associazione Sportiva Roma,neil el aynaoui,el aynaoui
209,Ellertsson,Mikael Egill Ellertsson,Genoa,Genoa Cricket and Football Club,mikael egill ellertsson,ellertsson
218,Pobega,Tommaso Pobega,Bologna,Bologna Football Club 1909,tommaso pobega,pobega
178,Freuler,Remo Freuler,Bologna,Bologna Football Club 1909,remo freuler,freuler
199,Zhegrova,Edon Zhegrova,Juventus,Juventus Football Club,edon zhegrova,zhegrova
202,Karlstrom,Jesper Karlström,Udinese,Udinese Calcio,jesper karlstrom,karlstrom
166,El Shaarawy,Stephan El Shaarawy,Roma,Associazione Sportiva Roma,stephan el shaarawy,el shaarawy
204,Moro N.,Nikola Moro,Bologna,Bologna Football Club 1909,nikola moro,moro n.
198,De Roon,Marten de Roon,Atalanta,Atalanta Bergamasca Calcio S.p.a.,marten de roon,de roon
203,Folorunsho,Michael Folorunsho,Cagliari,Cagliari Calcio,michael folorunsho,folorunsho
875,Harrison,Jack Harrison,Fiorentina,Associazione Calcio Fiorentina,jack harrison,harrison
231,Sucic P.,Petar Sučić,Inter,Football Club Internazionale Milano S.p.A.,petar sucic,sucic p.
197,Fagioli,Nicolò Fagioli,Fiorentina,Associazione Calcio Fiorentina,nicolo fagioli,fagioli
230,Locatelli,Manuel Locatelli,Juventus,Juventus Football Club,manuel locatelli,locatelli
194,Casadei,Cesare Casadei,Torino,Torino Calcio,cesare casadei,casadei
224,Coulibaly L.,Lassana Coulibaly,Lecce,Unione Sportiva Lecce,lassana coulibaly,coulibaly l.
210,Caqueret,Maxence Caqueret,Como,Calcio Como,maxence caqueret,caqueret
182,Rowe,Jonathan Rowe,Bologna,Bologna Football Club 1909,jonathan rowe,rowe
217,Da Cunha,Lucas Da Cunha,Como,Calcio Como,lucas da cunha,da cunha
354,Bella-Kotchap,Armel Bella-Kotchap,Verona,Verona Hellas Football Club,armel bella-kotchap,bella-kotchap
124,Vranckx,Aster Vranckx,Sassuolo,Unione Sportiva Sassuolo Calcio,aster vranckx,vranckx
181,Lorran,Lorran,Pisa,Pisa Sporting Club,lorran,lorran
157,Ondrejka,Jacob Ondrejka,Parma,Parma Calcio 1913,jacob ondrejka,ondrejka
132,Belahyane,Reda Belahyane,Lazio,Società Sportiva Lazio S.p.A.,reda belahyane,belahyane
193,Payero,Martín Payero,Cremonese,Unione Sportiva Cremonese S.p.A.,martin payero,payero
168,Musah,Yunus Musah,Atalanta,Atalanta Bergamasca Calcio S.p.a.,yunus musah,musah
169,Bondo,Warren Bondo,Cremonese,Unione Sportiva Cremonese S.p.A.,warren bondo,bondo
161,Ferguson,Lewis Ferguson,Bologna,Bologna Football Club 1909,lewis ferguson,ferguson
187,Zerbin,Alessio Zerbin,Cremonese,Unione Sportiva Cremonese S.p.A.,alessio zerbin,zerbin
175,Deiola,Alessandro Deiola,Cagliari,Cagliari Calcio,alessandro deiola,deiola
177,Fabbian,Giovanni Fabbian,Fiorentina,Associazione Calcio Fiorentina,giovanni fabbian,fabbian
162,Aebischer,Michel Aebischer,Pisa,Pisa Sporting Club,michel aebischer,aebischer
200,Piotrowski,Jakub Piotrowski,Udinese,Udinese Calcio,jakub piotrowski,piotrowski
188,Pierotti,Santiago Pierotti,Lecce,Unione Sportiva Lecce,santiago pierotti,pierotti
190,Prati,Matteo Prati,Torino,Torino Calcio,matteo prati,prati
206,Fadera,Alieu Fadera,Sassuolo,Unione Sportiva Sassuolo Calcio,alieu fadera,fadera
173,Luis Henrique,Luis Henrique,Inter,Football Club Internazionale Milano S.p.A.,luis henrique,luis henrique
191,Adopo,Michel Adopo,Cagliari,Cagliari Calcio,michel adopo,adopo
163,Gandelman,Omri Gandelman,Lecce,Unione Sportiva Lecce,omri gandelman,gandelman
165,Baldanzi,Tommaso Baldanzi,Genoa,Genoa Cricket and Football Club,tommaso baldanzi,baldanzi
196,Frendrup,Morten Frendrup,Genoa,Genoa Cricket and Football Club,morten frendrup,frendrup
174,Ndour,Cher Ndour,Fiorentina,Associazione Calcio Fiorentina,cher ndour,ndour
164,Mazzitelli,Luca Mazzitelli,Cagliari,Cagliari Calcio,luca mazzitelli,mazzitelli
179,Brescianini,Marco Brescianini,Fiorentina,Associazione Calcio Fiorentina,marco brescianini,brescianini
184,Keita M.,Mandela Keita,Parma,Parma Calcio 1913,mandela keita,keita m.
176,Bernardeschi,Federico Bernardeschi,Bologna,Bologna Football Club 1909,federico bernardeschi,bernardeschi
172,Mkhitaryan,Henrikh Mkhitaryan,Inter,Football Club Internazionale Milano S.p.A.,henrikh mkhitaryan,mkhitaryan
306,Nkounkou,Niels Nkounkou,Torino,Torino Calcio,niels nkounkou,nkounkou
340,Nelsson,Victor Nelsson,Verona,Verona Hellas Football Club,victor nelsson,nelsson
393,Ranieri L.,Luca Ranieri,Fiorentina,Associazione Calcio Fiorentina,luca ranieri,ranieri l.
108,Adzic,Vasilije Adžić,Juventus,Juventus Football Club,vasilije adzic,adzic
140,Ilic,Ivan Ilić,Torino,Torino Calcio,ivan ilic,ilic
138,Al-Musrati,Moatasem Al-Musrati,Verona,Verona Hellas Football Club,moatasem al-musrati,al-musrati
156,Marin M.,Marius Marin,Pisa,Pisa Sporting Club,marius marin,marin m.
148,Rovella,Nicolò Rovella,Lazio,Società Sportiva Lazio S.p.A.,nicolo rovella,rovella
126,Lovric,Sandi Lovrić,Verona,Verona Hellas Football Club,sandi lovric,lovric
142,Iannoni,Edoardo Iannoni,Sassuolo,Unione Sportiva Sassuolo Calcio,edoardo iannoni,iannoni
135,Fazzini,Jacopo Fazzini,Fiorentina,Associazione Calcio Fiorentina,jacopo fazzini,fazzini
139,Jashari,Ardon Jashari,Milan,Associazione Calcio Milan,ardon jashari,jashari
144,Piccinini G.,Gabriele Piccinini,Pisa,Pisa Sporting Club,gabriele piccinini,piccinini g.
145,Sohm,Simon Sohm,Bologna,Bologna Football Club 1909,simon sohm,sohm
159,Koopmeiners,Teun Koopmeiners,Juventus,Juventus Football Club,teun koopmeiners,koopmeiners
149,Frattesi,Davide Frattesi,Inter,Football Club Internazionale Milano S.p.A.,davide frattesi,frattesi
146,Estevez,Nahuel Estévez,Parma,Parma Calcio 1913,nahuel estevez,estevez
129,Maleh,Youssef Maleh,Cremonese,Unione Sportiva Cremonese S.p.A.,youssef maleh,maleh
160,Masini,Patrizio Masini,Genoa,Genoa Cricket and Football Club,patrizio masini,masini
150,Grassi,Alberto Grassi,Cremonese,Unione Sportiva Cremonese S.p.A.,alberto grassi,grassi
220,Serdar,Suat Serdar,Verona,Verona Hellas Football Club,suat serdar,serdar
136,Elmas,Eljif Elmas,Napoli,Società Sportiva Calcio Napoli,eljif elmas,elmas
125,Miller L.,Lennon Miller,Udinese,Udinese Calcio,lennon miller,miller l.
141,Gineitis,Gvidas Gineitis,Torino,Torino Calcio,gvidas gineitis,gineitis
158,Ramadani,Ylber Ramadani,Lecce,Unione Sportiva Lecce,ylber ramadani,ramadani
216,Kostic,Filip Kostić,Juventus,Juventus Football Club,filip kostic,kostic
208,Fofana Y.,Youssouf Fofana,Milan,Associazione Calcio Milan,youssouf fofana,fofana y.
151,Maldini,Daniel Maldini,Lazio,Società Sportiva Lazio S.p.A.,daniel maldini,maldini
239,Vandeputte,Jari Vandeputte,Cremonese,Unione Sportiva Cremonese S.p.A.,jari vandeputte,vandeputte
214,Politano,Matteo Politano,Napoli,Società Sportiva Calcio Napoli,matteo politano,politano
205,Ederson D.S.,Éderson,Atalanta,Atalanta Bergamasca Calcio S.p.a.,ederson,ederson d.s.
213,Ekkelenkamp,Jurgen Ekkelenkamp,Udinese,Udinese Calcio,jurgen ekkelenkamp,ekkelenkamp
143,Pisilli,Niccolò Pisilli,Roma,Associazione Sportiva Roma,niccolo pisilli,pisilli
55,Durosinmi,Rafiu Durosinmi,Pisa,Pisa Sporting Club,rafiu durosinmi,durosinmi
68,Cambiaghi,Nicolò Cambiaghi,Bologna,Bologna Football Club 1909,nicolo cambiaghi,cambiaghi
69,Orban G.,Gift Orban,Verona,Verona Hellas Football Club,gift orban,orban g.
60,Lukaku,Romelu Lukaku,Napoli,Società Sportiva Calcio Napoli,romelu lukaku,lukaku
731,Raspadori,Giacomo Raspadori,Atalanta,Atalanta Bergamasca Calcio S.p.a.,giacomo raspadori,raspadori
76,Vardy,Jamie Vardy,Cremonese,Unione Sportiva Cremonese S.p.A.,jamie vardy,vardy
57,Pinamonti,Andrea Pinamonti,Sassuolo,Unione Sportiva Sassuolo Calcio,andrea pinamonti,pinamonti
59,Moreo,Stefano Moreo,Pisa,Pisa Sporting Club,stefano moreo,moreo
64,De Ketelaere,Charles De Ketelaere,Atalanta,Atalanta Bergamasca Calcio S.p.a.,charles de ketelaere,de ketelaere
73,Pellegrino M.,Mateo Pellegrino,Parma,Parma Calcio 1913,mateo pellegrino,pellegrino m.
74,Simeone,Giovanni Simeone,Torino,Torino Calcio,giovanni simeone,simeone
63,Esposito F.P.,Pio Esposito,Inter,Football Club Internazionale Milano S.p.A.,pio esposito,esposito f.p.
75,Bonazzoli,Federico Bonazzoli,Cremonese,Unione Sportiva Cremonese S.p.A.,federico bonazzoli,bonazzoli
872,Malen,Donyell Malen,Roma,Associazione Sportiva Roma,donyell malen,malen
78,Berardi,Domenico Berardi,Sassuolo,Unione Sportiva Sassuolo Calcio,domenico berardi,berardi
86,Yildiz,Kenan Yıldız,Juventus,Juventus Football Club,kenan yildiz,yildiz
871,Fofana Sa.,Sadik Fofana,Lecce,Unione Sportiva Lecce,sadik fofana,fofana sa.
94,Marchwinski,Filip Marchwinski,Lecce,Unione Sportiva Lecce,filip marchwinski,marchwinski
116,Helgason,Thórir Jóhann Helgason,Lecce,Unione Sportiva Lecce,thorir johann helgason,helgason
118,Sabiri,Abdelhamid Sabiri,Fiorentina,Associazione Calcio Fiorentina,abdelhamid sabiri,sabiri
120,Collocolo,Michele Collocolo,Cremonese,Unione Sportiva Cremonese S.p.A.,michele collocolo,collocolo
100,Sulemana I.,Ibrahim Sulemana,Cagliari,Cagliari Calcio,ibrahim sulemana,sulemana i.
137,Nicolussi Caviglia,Hans Nicolussi Caviglia,Parma,Parma Calcio 1913,hans nicolussi caviglia,nicolussi caviglia
240,Gaetano,Gianluca Gaetano,Cagliari,Cagliari Calcio,gianluca gaetano,gaetano
242,Zalewski,Nicola Zalewski,Atalanta,Atalanta Bergamasca Calcio S.p.a.,nicola zalewski,zalewski
134,Messias,Junior Messias,Genoa,Genoa Cricket and Football Club,junior messias,messias
189,Baturina,Martin Baturina,Como,Calcio Como,martin baturina,baturina
322,Casale,Nicolò Casale,Bologna,Bologna Football Club 1909,nicolo casale,casale
352,Floriani Mussolini,Romano Floriani Mussolini,Cremonese,Unione Sportiva Cremonese S.p.A.,romano floriani mussolini,floriani mussolini
373,Tavares N.,Nuno Tavares,Lazio,Società Sportiva Lazio S.p.A.,nuno tavares,tavares n.
358,Rensch,Devyne Rensch,Roma,Associazione Sportiva Roma,devyne rensch,rensch
61,Ferguson E.,Evan Ferguson,Roma,Associazione Sportiva Roma,evan ferguson,ferguson e.
47,Cancellieri,Matteo Cancellieri,Lazio,Società Sportiva Lazio S.p.A.,matteo cancellieri,cancellieri
65,Giovane,Giovane,Napoli,Società Sportiva Calcio Napoli,giovane,giovane
43,Colombo,Lorenzo Colombo,Genoa,Genoa Cricket and Football Club,lorenzo colombo,colombo
66,Adams C.,Ché Adams,Torino,Torino Calcio,che adams,adams c.
62,Vlahovic,Dušan Vlahović,Juventus,Juventus Football Club,dusan vlahovic,vlahovic
81,Castro S.,Santiago Castro,Bologna,Bologna Football Club 1909,santiago castro,castro s.
51,Nkunku,Christopher Nkunku,Milan,Associazione Calcio Milan,christopher nkunku,nkunku
82,Soulè,Matías Soulé,Roma,Associazione Sportiva Roma,matias soule,soule
84,Leao,Rafael Leão,Milan,Associazione Calcio Milan,rafael leao,leao
53,Bonny,Ange-Yoan Bonny,Inter,Football Club Internazionale Milano S.p.A.,ange-yoan bonny,bonny
67,Esposito Se.,Sebastiano Esposito,Cagliari,Cagliari Calcio,sebastiano esposito,esposito se.
77,Scamacca,Gianluca Scamacca,Atalanta,Atalanta Bergamasca Calcio S.p.a.,gianluca scamacca,scamacca
80,Davis K.,Keinan Davis,Udinese,Udinese Calcio,keinan davis,davis k.
79,Douvikas,Anastasios Douvikas,Como,Calcio Como,anastasios douvikas,douvikas
83,Hojlund,Rasmus Højlund,Napoli,Società Sportiva Calcio Napoli,rasmus hojlund,hojlund
85,Thuram,Marcus Thuram,Inter,Football Club Internazionale Milano S.p.A.,marcus thuram,thuram
87,Martinez L.,Lautaro Martínez,Inter,Football Club Internazionale Milano S.p.A.,lautaro martinez,martinez l.
88,Cremaschi,Benja Cremaschi,Parma,Parma Calcio 1913,benja cremaschi,cremaschi
89,Cornet,Maxwel Cornet,Genoa,Genoa Cricket and Football Club,maxwel cornet,cornet
153,Niasse,Cheikh Niasse,Verona,Verona Hellas Football Club,cheikh niasse,niasse
112,Anjorin,Tino Anjorin,Torino,Torino Calcio,tino anjorin,anjorin
114,Boloca,Daniel Boloca,Sassuolo,Unione Sportiva Sassuolo Calcio,daniel boloca,boloca
111,Zarraga,Oier Zarraga,Udinese,Udinese Calcio,oier zarraga,zarraga
115,Hojholt,Malthe Højholt,Pisa,Pisa Sporting Club,malthe hojholt,hojholt
868,Ngom,Oumar Ngom,Lecce,Unione Sportiva Lecce,oumar ngom,ngom
128,Ordonez C.,Christian Ordóñez,Parma,Parma Calcio 1913,christian ordonez,ordonez c.
107,Ilkhan,Emirhan İlkhan,Torino,Torino Calcio,emirhan ilkhan,ilkhan
251,Conceicao,Francisco Conceição,Juventus,Juventus Football Club,francisco conceicao,conceicao
336,De Silvestri,Lorenzo De Silvestri,Bologna,Bologna Football Club 1909,lorenzo de silvestri,de silvestri
310,Ghilardi,Daniele Ghilardi,Roma,Associazione Sportiva Roma,daniele ghilardi,ghilardi
71,Kean,Moise Kean,Fiorentina,Associazione Calcio Fiorentina,moise kean,kean
72,Laurientè,Armand Laurienté,Sassuolo,Unione Sportiva Sassuolo Calcio,armand lauriente,lauriente
70,Krstovic,Nikola Krstović,Atalanta,Atalanta Bergamasca Calcio S.p.a.,nikola krstovic,krstovic
101,Onana J.,Jean Onana,Genoa,Genoa Cricket and Football Club,jean onana,onana j.
102,Stengs,Calvin Stengs,Pisa,Pisa Sporting Club,calvin stengs,stengs
104,Sala A.,Álex Sala,Lecce,Unione Sportiva Lecce,alex sala,sala a.
99,Liteta,Joseph Liteta,Cagliari,Cagliari Calcio,joseph liteta,liteta
96,Venturino,Lorenzo Venturino,Roma,Associazione Sportiva Roma,lorenzo venturino,venturino
127,Vural,İsak Vural,Pisa,Pisa Sporting Club,isak vural,vural
121,Sergi Roberto,Sergi Roberto,Como,Calcio Como,sergi roberto,sergi roberto
122,Akpa Akpro,Jean-Daniel Akpa Akpro,Verona,Verona Hellas Football Club,jean-daniel akpa akpro,akpa akpro
113,Lipani,Luca Lipani,Sassuolo,Unione Sportiva Sassuolo Calcio,luca lipani,lipani
105,Diouf,Andy Diouf,Inter,Football Club Internazionale Milano S.p.A.,andy diouf,diouf
90,Vergara,Antonio Vergara,Napoli,Società Sportiva Calcio Napoli,antonio vergara,vergara
250,Zaccagni,Mattia Zaccagni,Lazio,Società Sportiva Lazio S.p.A.,mattia zaccagni,zaccagni
229,Thuram K.,Khéphren Thuram,Juventus,Juventus Football Club,khephren thuram,thuram k.
330,Estupinan,Pervis Estupiñán,Milan,Associazione Calcio Milan,pervis estupinan,estupinan
342,Valentini N.,Nicolás Valentini,Verona,Verona Hellas Football Club,nicolas valentini,valentini n.
381,Ahanor,Honest Ahanor,Atalanta,Atalanta Bergamasca Calcio S.p.a.,honest ahanor,ahanor
413,Cuadrado,Juan Cuadrado,Pisa,Pisa Sporting Club,juan cuadrado,cuadrado
356,Bertola,Nicolò Bertola,Udinese,Udinese Calcio,nicolo bertola,bertola
372,Valenti,Lautaro Valenti,Parma,Parma Calcio 1913,lautaro valenti,valenti
349,De Winter,Koni De Winter,Milan,Associazione Calcio Milan,koni de winter,de winter
744,Raimondo,Antonio Raimondo,Venezia,Venezia FC,antonio raimondo,raimondo
58,Dovbyk,Artem Dovbyk,Roma,Associazione Sportiva Roma,artem dovbyk,dovbyk
154,Tameze,Adrien Tamèze,Torino,Torino Calcio,adrien tameze,tameze
93,Suslov,Tomas Suslov,Verona,Verona Hellas Football Club,tomas suslov,suslov
186,Gilmour,Billy Gilmour,Napoli,Società Sportiva Calcio Napoli,billy gilmour,gilmour
269,Pulisic,Christian Pulisic,Milan,Associazione Calcio Milan,christian pulisic,pulisic
328,Biraghi,Cristiano Biraghi,Torino,Torino Calcio,cristiano biraghi,biraghi
359,Canestrelli,Simone Canestrelli,Pisa,Pisa Sporting Club,simone canestrelli,canestrelli
382,Djimsiti,Berat Djimsiti,Atalanta,Atalanta Bergamasca Calcio S.p.a.,berat djimsiti,djimsiti
570,Dellavalle,Alessandro Dellavalle,Torino,Torino Calcio,alessandro dellavalle,dellavalle
563,Burnete,Rareș Burnete,Lecce,Unione Sportiva Lecce,rares burnete,burnete
627,Bakker,Mitchel Bakker,Atalanta,Atalanta Bergamasca Calcio S.p.a.,mitchel bakker,bakker
608,Sansone,Nicola Sansone,Lecce,Unione Sportiva Lecce,nicola sansone,sansone
812,Cerri,Alberto Cerri,Como,Calcio Como,alberto cerri,cerri
821,Rui Patricio,Rui Patrício,Atalanta,Atalanta Bergamasca Calcio S.p.a.,rui patricio,rui patricio
662,Gyasi,Emmanuel Gyasi,Empoli,FC Empoli,emmanuel gyasi,gyasi
598,Berardi A.,Alessandro Berardi,Verona,Verona Hellas Football Club,alessandro berardi,berardi a.
106,Fini,Seydou Fini,Genoa,Genoa Cricket and Football Club,seydou fini,fini
36,Rodriguez Je.,Jesús Rodríguez,Como,Calcio Como,jesus rodriguez,rodriguez je.
223,Leris,Mehdi Léris,Pisa,Pisa Sporting Club,mehdi leris,leris
456,Holm,Emil Holm,Juventus,Juventus Football Club,emil holm,holm
449,Celik,Zeki Çelik,Roma,Associazione Sportiva Roma,zeki celik,celik
441,Scalvini,Giorgio Scalvini,Atalanta,Atalanta Bergamasca Calcio S.p.a.,giorgio scalvini,scalvini
458,Pavlovic,Strahinja Pavlović,Milan,Associazione Calcio Milan,strahinja pavlovic,pavlovic
427,Bremer,Bremer,Juventus,Juventus Football Club,bremer,bremer
463,Sherri,Alen Sherri,Cagliari,Cagliari Calcio,alen sherri,sherri
701,Crnigoj,Domen Crnigoj,Venezia,Venezia FC,domen crnigoj,crnigoj
580,Boer,Pietro Boer,Roma,Associazione Sportiva Roma,pietro boer,boer
804,Azon,Iván Azón,Como,Calcio Como,ivan azon,azon
593,Mota,Dany Mota,Monza,AC Monza,dany mota,mota
846,Cruz,Juan Manuel Cruz,Verona,Verona Hellas Football Club,juan manuel cruz,cruz
728,Piana,Edoardo Piana,Udinese,Udinese Calcio,edoardo piana,piana
584,Ebuehi,Tyronne Ebuehi,Empoli,FC Empoli,tyronne ebuehi,ebuehi
610,Pedrola,Estanis Pedrola,Bologna,Bologna Football Club 1909,estanis pedrola,pedrola
681,Busio,Gianluca Busio,Venezia,Venezia FC,gianluca busio,busio
682,Stankovic F.,Filip Stanković,Venezia,Venezia FC,filip stankovic,stankovic f.
9,Pavoletti,Leonardo Pavoletti,Cagliari,Cagliari Calcio,leonardo pavoletti,pavoletti
52,Nzola,M'Bala Nzola,Sassuolo,Unione Sportiva Sassuolo Calcio,m'bala nzola,nzola
32,Ekhator,Jeff Ekhator,Genoa,Genoa Cricket and Football Club,jeff ekhator,ekhator
8,Okereke,David Okereke,Cremonese,Unione Sportiva Cremonese S.p.A.,david okereke,okereke
40,Banda,Lameck Banda,Lecce,Unione Sportiva Lecce,lameck banda,banda
16,Djuric,Milan Djuric,Cremonese,Unione Sportiva Cremonese S.p.A.,milan djuric,djuric
3,Frigan,Matija Frigan,Parma,Parma Calcio 1913,matija frigan,frigan
7,Milik,Arkadiusz Milik,Juventus,Juventus Football Club,arkadiusz milik,milik
767,Martins K.,Kevin Martins,Monza,AC Monza,kevin martins,martins k.
654,Machin,Pepín Machín,Monza,AC Monza,pepin machin,machin
586,Cacciamani,Alessio Cacciamani,Torino,Torino Calcio,alessio cacciamani,cacciamani
814,Jankto,Jakub Jankto,Cagliari,Cagliari Calcio,jakub jankto,jankto
651,Viola,Nicolas Viola,Cagliari,Cagliari Calcio,nicolas viola,viola
576,Kone B.,Ben Lhassine Kone,Como,Calcio Como,ben lhassine kone,kone b.
885,Elphege,Nesta Elphege,Parma,Parma Calcio 1913,nesta elphege,elphege
49,Addai,Jayden Addai,Como,Calcio Como,jayden addai,addai
33,Dallinga,Thijs Dallinga,Bologna,Bologna Football Club 1909,thijs dallinga,dallinga
529,Isaac,Isaac,Verona,Verona Hellas Football Club,isaac,isaac
24,Mosquera,Daniel Mosquera,Verona,Verona Hellas Football Club,daniel mosquera,mosquera
5,Moro L.,Luca Moro,Sassuolo,Unione Sportiva Sassuolo Calcio,luca moro,moro l.
882,Albarracin,Agustín Albarracín,Cagliari,Cagliari Calcio,agustin albarracin,albarracin
582,Mazza,Andrea Mazza,Monza,AC Monza,andrea mazza,mazza
321,Di Pardo,Alessandro Di Pardo,Cagliari,Cagliari Calcio,alessandro di pardo,di pardo
863,El Haddad,Saad El Haddad,Venezia,Venezia FC,saad el haddad,el haddad
784,Mulattieri,Samuele Mulattieri,Sassuolo,Unione Sportiva Sassuolo Calcio,samuele mulattieri,mulattieri
614,Zampano,Francesco Zampano,Venezia,Venezia FC,francesco zampano,zampano
733,Pafundi,Simone Pafundi,Udinese,Udinese Calcio,simone pafundi,pafundi
38,Openda,Loïs Openda,Juventus,Juventus Football Club,lois openda,openda
28,Buksa,Adam Buksa,Udinese,Udinese Calcio,adam buksa,buksa
544,Trepy,Yael Trepy,Cagliari,Cagliari Calcio,yael trepy,trepy
869,Vaz,Robinio Vaz,Roma,Associazione Sportiva Roma,robinio vaz,vaz
19,Solomon,Manor Solomon,Fiorentina,Associazione Calcio Fiorentina,manor solomon,solomon
541,Stulic,Nikola Stulic,Lecce,Unione Sportiva Lecce,nikola stulic,stulic
23,Piccoli,Roberto Piccoli,Fiorentina,Associazione Calcio Fiorentina,roberto piccoli,piccoli
37,Sulemana K.,Kamaldeen Sulemana,Atalanta,Atalanta Bergamasca Calcio S.p.a.,kamaldeen sulemana,sulemana k.
542,Cheddira,Walid Cheddira,Lecce,Unione Sportiva Lecce,walid cheddira,cheddira
39,Gimenez,Santiago Gimenez,Milan,Associazione Calcio Milan,santiago gimenez,gimenez
31,Ekuban,Caleb Ekuban,Genoa,Genoa Cricket and Football Club,caleb ekuban,ekuban
45,Dybala,Paulo Dybala,Roma,Associazione Sportiva Roma,paulo dybala,dybala
48,David,Jonathan David,Juventus,Juventus Football Club,jonathan david,david
42,Vitinha O.,Vitinha,Genoa,Genoa Cricket and Football Club,vitinha,vitinha o.
41,Noslin,Tijjani Noslin,Lazio,Società Sportiva Lazio S.p.A.,tijjani noslin,noslin
22,Pedro,Pedro,Lazio,Società Sportiva Lazio S.p.A.,pedro,pedro
383,Britschgi,Sascha Britschgi,Parma,Parma Calcio 1913,sascha britschgi,britschgi
379,Folino,Francesco Folino,Cremonese,Unione Sportiva Cremonese S.p.A.,francesco folino,folino
410,Idrissi R.,Riyad Idrissi,Cagliari,Cagliari Calcio,riyad idrissi,idrissi r.
377,Parisi,Fabiano Parisi,Fiorentina,Associazione Calcio Fiorentina,fabiano parisi,parisi
388,Angelino,Angeliño,Roma,Associazione Sportiva Roma,angelino,angelino
392,Norton-Cuffy,Brooke Norton-Cuffy,Genoa,Genoa Cricket and Football Club,brooke norton-cuffy,norton-cuffy
362,Marcandalli,Alessandro Marcandalli,Genoa,Genoa Cricket and Football Club,alessandro marcandalli,marcandalli
399,Diego Carlos,Diego Carlos,Como,Calcio Como,diego carlos,diego carlos
405,Marusic,Adam Marusic,Lazio,Società Sportiva Lazio S.p.A.,adam marusic,marusic
406,Gila,Mario Gila,Lazio,Società Sportiva Lazio S.p.A.,mario gila,gila
403,Beukema,Sam Beukema,Napoli,Società Sportiva Calcio Napoli,sam beukema,beukema
371,N'Dicka,Evan Ndicka,Roma,Associazione Sportiva Roma,evan ndicka,n'dicka
27,Belotti,Andrea Belotti,Cagliari,Cagliari Calcio,andrea belotti,belotti
538,Meister,Henrik Meister,Pisa,Pisa Sporting Club,henrik meister,meister
536,Morata,Álvaro Morata,Como,Calcio Como,alvaro morata,morata
418,Zanoli,Alessandro Zanoli,Udinese,Udinese Calcio,alessandro zanoli,zanoli
407,Cabal,Juan Cabal,Juventus,Juventus Football Club,juan cabal,cabal
420,Barbieri,Tommaso Barbieri,Cremonese,Unione Sportiva Cremonese S.p.A.,tommaso barbieri,barbieri
450,Terracciano F.,Filippo Terracciano,Cremonese,Unione Sportiva Cremonese S.p.A.,filippo terracciano,terracciano f.
437,Buongiorno,Alessandro Buongiorno,Napoli,Società Sportiva Calcio Napoli,alessandro buongiorno,buongiorno
419,Romagnoli,Alessio Romagnoli,Lazio,Società Sportiva Lazio S.p.A.,alessio romagnoli,romagnoli
421,Luperto,Sebastiano Luperto,Cremonese,Unione Sportiva Cremonese S.p.A.,sebastiano luperto,luperto
454,Baschirotto,Federico Baschirotto,Cremonese,Unione Sportiva Cremonese S.p.A.,federico baschirotto,baschirotto
438,Cambiaso,Andrea Cambiaso,Juventus,Juventus Football Club,andrea cambiaso,cambiaso
394,Moreno Alb.,Alberto Moreno,Como,Calcio Como,alberto moreno,moreno alb.
442,Belghali,Rafik Belghali,Verona,Verona Hellas Football Club,rafik belghali,belghali
446,Ramon,Jacobo Ramón,Como,Calcio Como,jacobo ramon,ramon
443,Kabasele,Christian Kabasele,Udinese,Udinese Calcio,christian kabasele,kabasele
435,Di Lorenzo,Giovanni Di Lorenzo,Napoli,Società Sportiva Calcio Napoli,giovanni di lorenzo,di lorenzo
453,Bartesaghi,Davide Bartesaghi,Milan,Associazione Calcio Milan,davide bartesaghi,bartesaghi
408,Valle,Álex Valle,Como,Calcio Como,alex valle,valle
445,Vojvoda,Mërgim Vojvoda,Como,Calcio Como,mergim vojvoda,vojvoda
440,Miranda J.,Juan Miranda,Bologna,Bologna Football Club 1909,juan miranda,miranda j.
415,Valeri,Emanuele Valeri,Parma,Parma Calcio 1913,emanuele valeri,valeri
436,Rrahmani,Amir Rrahmani,Napoli,Società Sportiva Calcio Napoli,amir rrahmani,rrahmani
426,Kelly L.,Lloyd Kelly,Juventus,Juventus Football Club,lloyd kelly,kelly l.
429,Vasquez,Johan Vásquez,Genoa,Genoa Cricket and Football Club,johan vasquez,vasquez
430,Gosens,Robin Gosens,Fiorentina,Associazione Calcio Fiorentina,robin gosens,gosens
428,Dumfries,Denzel Dumfries,Inter,Football Club Internazionale Milano S.p.A.,denzel dumfries,dumfries
431,Akanji,Manuel Akanji,Inter,Football Club Internazionale Milano S.p.A.,manuel akanji,akanji
434,Hermoso,Mario Hermoso,Roma,Associazione Sportiva Roma,mario hermoso,hermoso
444,Kalulu,Pierre Kalulu,Juventus,Juventus Football Club,pierre kalulu,kalulu
424,Mancini,Gianluca Mancini,Roma,Associazione Sportiva Roma,gianluca mancini,mancini
439,Bisseck,Yann Bisseck,Inter,Football Club Internazionale Milano S.p.A.,yann bisseck,bisseck
455,Carlos Augusto,Carlos Augusto,Inter,Football Club Internazionale Milano S.p.A.,carlos augusto,carlos augusto
451,Martin,Aarón Martín,Genoa,Genoa Cricket and Football Club,aaron martin,martin
460,Bastoni,Alessandro Bastoni,Inter,Football Club Internazionale Milano S.p.A.,alessandro bastoni,bastoni
457,Wesley,Wesley,Roma,Associazione Sportiva Roma,wesley,wesley
447,Ostigard,Leo Østigård,Genoa,Genoa Cricket and Football Club,leo ostigard,ostigard
461,Spinazzola,Leonardo Spinazzola,Napoli,Società Sportiva Calcio Napoli,leonardo spinazzola,spinazzola
452,Kempf,Marc Oliver Kempf,Como,Calcio Como,marc oliver kempf,kempf
459,Palestra,Marco Palestra,Cagliari,Cagliari Calcio,marco palestra,palestra
462,Dimarco,Federico Dimarco,Inter,Football Club Internazionale Milano S.p.A.,federico dimarco,dimarco
464,Tornqvist,Noel Törnqvist,Como,Calcio Como,noel tornqvist,tornqvist
465,Calligaris,Alessandro Calligaris,Inter,Football Club Internazionale Milano S.p.A.,alessandro calligaris,calligaris
466,Ferrante,Mathias Ferrante,Napoli,Società Sportiva Calcio Napoli,mathias ferrante,ferrante
467,Cavlina,Nikola Cavlina,Como,Calcio Como,nikola cavlina,cavlina
468,Toniolo,Giacomo Toniolo,Verona,Verona Hellas Football Club,giacomo toniolo,toniolo
498,Silvestri,Marco Silvestri,Cremonese,Unione Sportiva Cremonese S.p.A.,marco silvestri,silvestri
469,Lezzerini,Luca Lezzerini,Fiorentina,Associazione Calcio Fiorentina,luca lezzerini,lezzerini
470,Nunziante,Alessandro Nunziante,Udinese,Udinese Calcio,alessandro nunziante,nunziante
499,Sava,Răzvan Sava,Udinese,Udinese Calcio,razvan sava,sava
475,Satalino,Giacomo Satalino,Sassuolo,Unione Sportiva Sassuolo Calcio,giacomo satalino,satalino
476,Gollini,Pierluigi Gollini,Roma,Associazione Sportiva Roma,pierluigi gollini,gollini
477,Zelezny,Radoslaw Zelezny,Roma,Associazione Sportiva Roma,radoslaw zelezny,zelezny
479,Nicolas,Nícolas,Pisa,Pisa Sporting Club,nicolas,nicolas
481,Contini,Nikita Contini,Napoli,Società Sportiva Calcio Napoli,nikita contini,contini
494,Vigorito,Mauro Vigorito,Como,Calcio Como,mauro vigorito,vigorito
495,Ciocci,Giuseppe Ciocci,Cagliari,Cagliari Calcio,giuseppe ciocci,ciocci
496,Sportiello,Marco Sportiello,Atalanta,Atalanta Bergamasca Calcio S.p.a.,marco sportiello,sportiello
881,Motta,Edoardo Motta,Lazio,Società Sportiva Lazio S.p.A.,edoardo motta,motta
503,Pessina Mas.,Massimo Pessina,Bologna,Bologna Football Club 1909,massimo pessina,pessina mas.
474,Turati,Stefano Turati,Sassuolo,Unione Sportiva Sassuolo Calcio,stefano turati,turati
10,Moumbagna,Faris Moumbagna,Cremonese,Unione Sportiva Cremonese S.p.A.,faris moumbagna,moumbagna
760,Carboni F.,Franco Carboni,Parma,Parma Calcio 1913,franco carboni,carboni f.
472,Perilli,Simone Perilli,Verona,Verona Hellas Football Club,simone perilli,perilli
505,Padelli,Daniele Padelli,Udinese,Udinese Calcio,daniele padelli,padelli
500,Israel,Franco Israel,Torino,Torino Calcio,franco israel,israel
478,Scuffet,Simone Scuffet,Pisa,Pisa Sporting Club,simone scuffet,scuffet
480,Rinaldi,Filippo Rinaldi,Parma,Parma Calcio 1913,filippo rinaldi,rinaldi
482,Torriani,Lorenzo Torriani,Milan,Associazione Calcio Milan,lorenzo torriani,torriani
483,Terracciano,Pietro Terracciano,Milan,Associazione Calcio Milan,pietro terracciano,terracciano
484,Samooja,Jasper Samooja,Lecce,Unione Sportiva Lecce,jasper samooja,samooja
485,Fruchtl,Christian Früchtl,Lecce,Unione Sportiva Lecce,christian fruchtl,fruchtl
488,Pinsoglio,Carlo Pinsoglio,Juventus,Juventus Football Club,carlo pinsoglio,pinsoglio
489,Di Gennaro,Raffaele Di Gennaro,Inter,Football Club Internazionale Milano S.p.A.,raffaele di gennaro,di gennaro
490,Sommariva,Daniele Sommariva,Genoa,Genoa Cricket and Football Club,daniele sommariva,sommariva
491,Siegrist,Benjamin Siegrist,Genoa,Genoa Cricket and Football Club,benjamin siegrist,siegrist
497,Rossi F.,Francesco Rossi,Atalanta,Atalanta Bergamasca Calcio S.p.a.,francesco rossi,rossi f.
492,Christensen O.,Oliver Christensen,Fiorentina,Associazione Calcio Fiorentina,oliver christensen,christensen o.
487,Furlanetto,Alessio Furlanetto,Lazio,Società Sportiva Lazio S.p.A.,alessio furlanetto,furlanetto
513,Ravaglia F.,Federico Ravaglia,Bologna,Bologna Football Club 1909,federico ravaglia,ravaglia f.
502,Martinez Jo.,Josep Martínez,Inter,Football Club Internazionale Milano S.p.A.,josep martinez,martinez jo.
510,Semper,Adrian Semper,Pisa,Pisa Sporting Club,adrian semper,semper
506,Meret,Alex Meret,Napoli,Società Sportiva Calcio Napoli,alex meret,meret
501,Perin,Mattia Perin,Juventus,Juventus Football Club,mattia perin,perin
514,Paleari,Alberto Paleari,Torino,Torino Calcio,alberto paleari,paleari
507,Leali,Nicola Leali,Genoa,Genoa Cricket and Football Club,nicola leali,leali
878,Bijlow,Justin Bijlow,Genoa,Genoa Cricket and Football Club,justin bijlow,bijlow
511,Suzuki,Zion Suzuki,Parma,Parma Calcio 1913,zion suzuki,suzuki
518,Skorupski,Lukasz Skorupski,Bologna,Bologna Football Club 1909,lukasz skorupski,skorupski
508,Montipò,Lorenzo Montipò,Verona,Verona Hellas Football Club,lorenzo montipo,montipo
528,Maignan,Mike Maignan,Milan,Associazione Calcio Milan,mike maignan,maignan
527,Svilar,Mile Svilar,Roma,Associazione Sportiva Roma,mile svilar,svilar
531,Gueye,Idrissa Gueye,Udinese,Udinese Calcio,idrissa gueye,gueye
539,Camarda,Francesco Camarda,Lecce,Unione Sportiva Lecce,francesco camarda,camarda
532,Almqvist,Pontus Almqvist,Parma,Parma Calcio 1913,pontus almqvist,almqvist
535,Dominguez B.,Benja Domínguez,Bologna,Bologna Football Club 1909,benja dominguez,dominguez b.
888,Kulenovic,Sandro Kulenović,Torino,Torino Calcio,sandro kulenovic,kulenovic
884,Stojilkovic,Filip Stojilkovic,Pisa,Pisa Sporting Club,filip stojilkovic,stojilkovic
543,Njie,Alieu Njie,Torino,Torino Calcio,alieu njie,njie
21,Dia,Boulaye Dia,Lazio,Società Sportiva Lazio S.p.A.,boulaye dia,dia
25,Zapata D.,Duván Zapata,Torino,Torino Calcio,duvan zapata,zapata d.
14,Diao,Assane Diao,Como,Calcio Como,assane diao,diao
512,Corvi,Edoardo Corvi,Parma,Parma Calcio 1913,edoardo corvi,corvi
516,Muric,Arijanet Murić,Sassuolo,Unione Sportiva Sassuolo Calcio,arijanet muric,muric
523,Provedel,Ivan Provedel,Lazio,Società Sportiva Lazio S.p.A.,ivan provedel,provedel
515,De Gea,David de Gea,Fiorentina,Associazione Calcio Fiorentina,david de gea,de gea
522,Audero,Emil Audero,Cremonese,Unione Sportiva Cremonese S.p.A.,emil audero,audero
517,Caprile,Elia Caprile,Cagliari,Cagliari Calcio,elia caprile,caprile
519,Sommer,Yann Sommer,Inter,Football Club Internazionale Milano S.p.A.,yann sommer,sommer
509,Okoye,Maduka Okoye,Udinese,Udinese Calcio,maduka okoye,okoye
520,Falcone,Wladimiro Falcone,Lecce,Unione Sportiva Lecce,wladimiro falcone,falcone
521,Di Gregorio,Michele Di Gregorio,Juventus,Juventus Football Club,michele di gregorio,di gregorio
526,Butez,Jean Butez,Como,Calcio Como,jean butez,butez
525,Milinkovic-Savic V.,Vanja Milinković-Savić,Napoli,Società Sportiva Calcio Napoli,vanja milinkovic-savic,milinkovic-savic v.
537,Sarr A.,Amin Sarr,Verona,Verona Hellas Football Club,amin sarr,sarr a.
20,Sanabria,Antonio Sanabria,Cremonese,Unione Sportiva Cremonese S.p.A.,antonio sanabria,sanabria
540,Kuhn,Nicolas Kühn,Como,Calcio Como,nicolas kuhn,kuhn
546,Aboukhlal,Zakaria Aboukhlal,Torino,Torino Calcio,zakaria aboukhlal,aboukhlal
17,Bayo V.,Vakoun Bayo,Udinese,Udinese Calcio,vakoun bayo,bayo v.
283,Dembelè A.,Ali Dembélé,Torino,Torino Calcio,ali dembele,dembele a.
600,Scott,Elijah Scott,Lecce,Unione Sportiva Lecce,elijah scott,scott
583,Strefezza,Gabriel Strefezza,Parma,Parma Calcio 1913,gabriel strefezza,strefezza
613,Byar,Naïm Byar,Bologna,Bologna Football Club 1909,naim byar,byar
836,Di Chiara,Gianluca Di Chiara,Parma,Parma Calcio 1913,gianluca di chiara,di chiara
864,Lambourde,Mathis Lambourde,Verona,Verona Hellas Football Club,mathis lambourde,lambourde
95,Pierret,Balthazar Pierret,Lecce,Unione Sportiva Lecce,balthazar pierret,pierret
714,Hernani,Hernani,Parma,Parma Calcio 1913,hernani,hernani
676,Bani,Mattia Bani,Genoa,Genoa Cricket and Football Club,mattia bani,bani
834,De Sciglio,Mattia De Sciglio,Empoli,FC Empoli,mattia de sciglio,de sciglio
726,Haps,Ridgeciano Haps,Venezia,Venezia FC,ridgeciano haps,haps
299,Rouhi,Jonas Rouhi,Juventus,Juventus Football Club,jonas rouhi,rouhi
752,Zeroli,Kevin Zeroli,Monza,AC Monza,kevin zeroli,zeroli
603,Birindelli,Samuele Birindelli,Monza,AC Monza,samuele birindelli,birindelli
629,Bettella,Davide Bettella,Monza,AC Monza,davide bettella,bettella
710,Perisan,Samuele Perisan,Empoli,FC Empoli,samuele perisan,perisan
286,Paz Y.,Yeferson Paz,Sassuolo,Unione Sportiva Sassuolo Calcio,yeferson paz,paz y.
826,Marcone,Richard Marcone,Parma,Parma Calcio 1913,richard marcone,marcone
590,Abildgaard,Oliver Abildgaard,Como,Calcio Como,oliver abildgaard,abildgaard
712,Hummels,Mats Hummels,Roma,Associazione Sportiva Roma,mats hummels,hummels
761,Varane,Raphaël Varane,Como,Calcio Como,raphael varane,varane
555,Haas,Nicolas Haas,Empoli,FC Empoli,nicolas haas,haas
851,Rafia,Hamza Rafia,Lecce,Unione Sportiva Lecce,hamza rafia,rafia
777,Mario Rui,Mário Rui,Napoli,Società Sportiva Calcio Napoli,mario rui,mario rui
700,Duncan,Alfred Duncan,Venezia,Venezia FC,alfred duncan,duncan
672,Iling Junior,Samuel Iling-Junior,Pisa,Pisa Sporting Club,samuel iling-junior,iling junior
573,Lella,Nunzio Lella,Venezia,Venezia FC,nunzio lella,lella
786,Perez K.,Kike Pérez,Venezia,Venezia FC,kike perez,perez k.
721,Marin R.,Mário Rui,Napoli,Società Sportiva Calcio Napoli,mario rui,marin r.
624,Donnarumma An.,Antonio Donnarumma,Torino,Torino Calcio,antonio donnarumma,donnarumma an.
657,Chiorra,Niccolò Chiorra,Empoli,FC Empoli,niccolo chiorra,chiorra
656,Lazovic,Darko Lazović,Verona,Verona Hellas Football Club,darko lazovic,lazovic
775,Cissè A.,Alphadjo Cissè,Verona,Verona Hellas Football Club,alphadjo cisse,cisse a.
735,Chichizola,Leandro Chichizola,Parma,Parma Calcio 1913,leandro chichizola,chichizola
789,Pizzignacco,Semuel Pizzignacco,Monza,AC Monza,semuel pizzignacco,pizzignacco
770,Cyprien,Wylan Cyprien,Parma,Parma Calcio 1913,wylan cyprien,cyprien
621,Sala M.,Álex Sala,Lecce,Unione Sportiva Lecce,alex sala,sala m.
741,Reina,Pepe Reina,Como,Calcio Como,pepe reina,reina
773,Barba,Federico Barba,Como,Calcio Como,federico barba,barba
622,Caprari,Gianluca Caprari,Monza,AC Monza,gianluca caprari,caprari
620,Svoboda,Michael Svoboda,Venezia,Venezia FC,michael svoboda,svoboda
547,Success,Isaac Success,Udinese,Udinese Calcio,isaac success,success
858,Jack,Fellipe Jack,Como,Calcio Como,fellipe jack,jack
670,Sorrentino A.,Alessandro Sorrentino,Monza,AC Monza,alessandro sorrentino,sorrentino a.
808,Pessina,Matteo Pessina,Monza,AC Monza,matteo pessina,pessina
781,Martinelli T.,Tommaso Martinelli,Fiorentina,Associazione Calcio Fiorentina,tommaso martinelli,martinelli t.
615,Liberali,Mattia Liberali,Milan,Associazione Calcio Milan,mattia liberali,liberali
554,Lucchesi,Lorenzo Lucchesi,Venezia,Venezia FC,lorenzo lucchesi,lucchesi
690,Bove,Edoardo Bove,Fiorentina,Associazione Calcio Fiorentina,edoardo bove,bove
574,Vos,Silvano Vos,Milan,Associazione Calcio Milan,silvano vos,vos
772,Kowalski,Mateusz Kowalski,Parma,Parma Calcio 1913,mateusz kowalski,kowalski
824,Gabrielloni,Alessandro Gabrielloni,Como,Calcio Como,alessandro gabrielloni,gabrielloni
769,Badelj,Milan Badelj,Genoa,Genoa Cricket and Football Club,milan badelj,badelj
764,Hainaut,Antoine Hainaut,Parma,Parma Calcio 1913,antoine hainaut,hainaut
665,Brancolini,Federico Brancolini,Empoli,FC Empoli,federico brancolini,brancolini
766,Missori,Filippo Missori,Sassuolo,Unione Sportiva Sassuolo Calcio,filippo missori,missori
652,Sagrado,Richie Sagrado,Venezia,Venezia FC,richie sagrado,sagrado
551,Yeboah J.,John Yeboah,Venezia,Venezia FC,john yeboah,yeboah j.
765,Keita B.,Keita Baldé,Monza,AC Monza,keita balde,keita b.
737,Seghetti,Jacopo Seghetti,Empoli,FC Empoli,jacopo seghetti,seghetti
793,Gioacchini,Nicholas Gioacchini,Como,Calcio Como,nicholas gioacchini,gioacchini
716,Balotelli,Mario Balotelli,Genoa,Genoa Cricket and Football Club,mario balotelli,balotelli
669,Altare,Giorgio Altare,Venezia,Venezia FC,giorgio altare,altare
658,Cassa,Federico Cassa,Atalanta,Atalanta Bergamasca Calcio S.p.a.,federico cassa,cassa
757,Henderson L.,Liam Henderson,Empoli,FC Empoli,liam henderson,henderson l.
282,Palma,Matteo Palma,Udinese,Udinese Calcio,matteo palma,palma
667,Zurkowski,Szymon Żurkowski,Empoli,FC Empoli,szymon zurkowski,zurkowski
548,Manzoni,Alberto Manzoni,Atalanta,Atalanta Bergamasca Calcio S.p.a.,alberto manzoni,manzoni
568,Barak,Antonín Barák,Fiorentina,Associazione Calcio Fiorentina,antonin barak,barak
856,Doumbia I.,Issa Doumbia,Venezia,Venezia FC,issa doumbia,doumbia i.
602,Iovine,Alessio Iovine,Como,Calcio Como,alessio iovine,iovine
696,Melegoni,Filippo Melegoni,Genoa,Genoa Cricket and Football Club,filippo melegoni,melegoni
605,Sensi,Stefano Sensi,Monza,AC Monza,stefano sensi,sensi
768,Perciun,Sergiu Perciun,Torino,Torino Calcio,sergiu perciun,perciun
564,Belardinelli,Luca Belardinelli,Empoli,FC Empoli,luca belardinelli,belardinelli
828,Shpendi S.,Stiven Shpendi,Empoli,FC Empoli,stiven shpendi,shpendi s.
606,Bjarkason,Bjarki Bjarkason,Venezia,Venezia FC,bjarki bjarkason,bjarkason
617,Izzo,Armando Izzo,Monza,AC Monza,armando izzo,izzo
556,Florenzi,Alessandro Florenzi,Milan,Associazione Calcio Milan,alessandro florenzi,florenzi
749,Forson O.,Omari Forson,Monza,AC Monza,omari forson,forson o.
688,Faraoni,Davide Faraoni,Verona,Verona Hellas Football Club,davide faraoni,faraoni
572,Bohinen,Emil Bohinen,Genoa,Genoa Cricket and Football Club,emil bohinen,bohinen
571,Caldirola,Luca Caldirola,Monza,AC Monza,luca caldirola,caldirola
754,Colpani,Andrea Colpani,Fiorentina,Associazione Calcio Fiorentina,andrea colpani,colpani
796,Ciurria,Patrick Ciurria,Monza,AC Monza,patrick ciurria,ciurria
645,Radunovic,Boris Radunović,Cagliari,Cagliari Calcio,boris radunovic,radunovic
