id,giro,numero,detentore_att,detentore_originale,id_giocatore_scelto,anno
1,1,1.0,Metodo Monchi FC,Metodo Monchi FC,441.0,2024-01-01
3,1,3.0,ZeroDayz FC,ZeroDayz FC,594.0,2024-01-01
4,1,4.0,FC Sovescio,FC Sovescio,165.0,2024-01-01
5,1,5.0,Sborada,Sborada,732.0,2024-01-01
6,1,6.0,AC Ciaccati,AC Ciaccati,53.0,2024-01-01
7,1,7.0,FC Pontos,FC Pontos,659.0,2024-01-01
8,1,8.0,CyberDucks,CyberDucks,638.0,2024-01-01
9,1,9.0,Diablitos FC,Diablitos FC,539.0,2024-01-01
10,1,10.0,Diaolo Porco,Diaolo Porco,171.0,2024-01-01
11,2,11.0,Diaolo Porco,Diaolo Porco,190.0,2024-01-01
12,2,12.0,Diablitos FC,Diablitos FC,81.0,2024-01-01
13,2,13.0,CyberDucks,CyberDucks,135.0,2024-01-01
14,2,14.0,FC Pontos,FC Pontos,615.0,2024-01-01
15,2,15.0,AC Ciaccati,AC Ciaccati,417.0,2024-01-01
16,2,16.0,Sborada,Sborada,780.0,2024-01-01
17,2,17.0,FC Sovescio,FC Sovescio,752.0,2024-01-01
18,2,18.0,ZeroDayz FC,ZeroDayz FC,749.0,2024-01-01
20,2,20.0,Metodo Monchi FC,Metodo Monchi FC,108.0,2024-01-01
21,3,21.0,Metodo Monchi FC,Metodo Monchi FC,18.0,2024-01-01
23,3,23.0,ZeroDayz FC,ZeroDayz FC,788.0,2024-01-01
24,3,24.0,FC Sovescio,FC Sovescio,169.0,2024-01-01
25,3,25.0,Sborada,Sborada,727.0,2024-01-01
26,3,26.0,AC Ciaccati,AC Ciaccati,664.0,2024-01-01
27,3,27.0,FC Pontos,FC Pontos,828.0,2024-01-01
28,3,28.0,CyberDucks,CyberDucks,141.0,2024-01-01
29,3,29.0,Diablitos FC,Diablitos FC,865.0,2024-01-01
30,3,30.0,Diaolo Porco,Diaolo Porco,746.0,2024-01-01
31,1,1.0,AC Ciaccati,AC Ciaccati,61.0,2025-01-01
32,1,2.0,FC Sovescio,FC Sovescio,268.0,2025-01-01
33,1,3.0,Sborada,Sborada,63.0,2025-01-01
34,1,4.0,CyberDucks,CyberDucks,14.0,2025-01-01
35,1,5.0,Diablitos FC,Diablitos FC,36.0,2025-01-01
36,1,6.0,FC Pontos,FC Pontos,364.0,2025-01-01
37,1,7.0,Diaolo Porco,Diaolo Porco,446.0,2025-01-01
38,1,8.0,Metodo Monchi FC,Metodo Monchi FC,722.0,2025-01-01
40,1,10.0,ZeroDayz FC,ZeroDayz FC,49.0,2025-01-01
41,2,11.0,AC Ciaccati,AC Ciaccati,309.0,2025-01-01
42,2,12.0,FC Sovescio,FC Sovescio,143.0,2025-01-01
43,2,13.0,Sborada,Sborada,174.0,2025-01-01
44,2,14.0,CyberDucks,CyberDucks,381.0,2025-01-01
45,2,15.0,Diablitos FC,Diablitos FC,34.0,2025-01-01
46,2,16.0,FC Pontos,FC Pontos,459.0,2025-01-01
47,2,17.0,Diaolo Porco,Diaolo Porco,392.0,2025-01-01
48,2,18.0,Metodo Monchi FC,Metodo Monchi FC,329.0,2025-01-01
50,2,20.0,ZeroDayz FC,ZeroDayz FC,378.0,2025-01-01
51,3,21.0,AC Ciaccati,AC Ciaccati,425.0,2025-01-01
52,3,22.0,FC Sovescio,FC Sovescio,453.0,2025-01-01
53,3,23.0,Sborada,Sborada,125.0,2025-01-01
54,3,24.0,CyberDucks,CyberDucks,341.0,2025-01-01
55,3,25.0,Diablitos FC,Diablitos FC,282.0,2025-01-01
56,3,26.0,FC Pontos,FC Pontos,181.0,2025-01-01
57,3,27.0,Diaolo Porco,Diaolo Porco,339.0,2025-01-01
58,3,28.0,Metodo Monchi FC,Metodo Monchi FC,128.0,2025-01-01
60,3,30.0,ZeroDayz FC,ZeroDayz FC,531.0,2025-01-01
91,1,,AC Ciaccati,AC Ciaccati,,2027-01-01
93,1,,CyberDucks,CyberDucks,,2027-01-01
94,1,,Diablitos FC,Diablitos FC,,2027-01-01
95,1,,Diaolo Porco,Diaolo Porco,,2027-01-01
96,1,,FC Pontos,FC Pontos,,2027-01-01
97,1,,FC Sovescio,FC Sovescio,,2027-01-01
98,1,,Metodo Monchi FC,Metodo Monchi FC,,2027-01-01
99,1,,Sborada,Sborada,,2027-01-01
100,1,,ZeroDayz FC,ZeroDayz FC,,2027-01-01
101,2,,AC Ciaccati,AC Ciaccati,,2027-01-01
103,2,,CyberDucks,CyberDucks,,2027-01-01
104,2,,Diablitos FC,Diablitos FC,,2027-01-01
105,2,,Diaolo Porco,Diaolo Porco,,2027-01-01
106,2,,FC Pontos,FC Pontos,,2027-01-01
107,2,,FC Sovescio,FC Sovescio,,2027-01-01
108,2,,Metodo Monchi FC,Metodo Monchi FC,,2027-01-01
109,2,,Sborada,Sborada,,2027-01-01
110,2,,ZeroDayz FC,ZeroDayz FC,,2027-01-01
111,3,,AC Ciaccati,AC Ciaccati,,2027-01-01
63,1,1.0,CyberDucks,CyberDucks,,2026-01-01
73,2,11.0,CyberDucks,CyberDucks,,2026-01-01
83,3,21.0,CyberDucks,CyberDucks,,2026-01-01
70,1,3.0,ZeroDayz FC,ZeroDayz FC,,2026-01-01
80,2,13.0,ZeroDayz FC,ZeroDayz FC,,2026-01-01
90,3,23.0,ZeroDayz FC,ZeroDayz FC,,2026-01-01
66,1,4.0,FC Pontos,FC Pontos,,2026-01-01
69,1,5.0,Sborada,Sborada,,2026-01-01
76,2,14.0,FC Pontos,FC Pontos,,2026-01-01
79,2,15.0,Sborada,Sborada,,2026-01-01
86,3,24.0,FC Pontos,FC Pontos,,2026-01-01
89,3,25.0,Sborada,Sborada,,2026-01-01
61,1,6.0,AC Ciaccati,AC Ciaccati,,2026-01-01
71,2,16.0,AC Ciaccati,AC Ciaccati,,2026-01-01
81,3,26.0,AC Ciaccati,AC Ciaccati,,2026-01-01
64,1,8.0,Diablitos FC,Diablitos FC,,2026-01-01
74,2,18.0,Diablitos FC,Diablitos FC,,2026-01-01
84,3,28.0,Diablitos FC,Diablitos FC,,2026-01-01
65,1,7.0,Diaolo Porco,Diaolo Porco,,2026-01-01
75,2,17.0,Diaolo Porco,Diaolo Porco,,2026-01-01
85,3,27.0,Diaolo Porco,Diaolo Porco,,2026-01-01
67,1,9.0,FC Sovescio,FC Sovescio,,2026-01-01
77,2,19.0,FC Sovescio,FC Sovescio,,2026-01-01
87,3,29.0,FC Sovescio,FC Sovescio,,2026-01-01
113,3,,CyberDucks,CyberDucks,,2027-01-01
114,3,,Diablitos FC,Diablitos FC,,2027-01-01
115,3,,Diaolo Porco,Diaolo Porco,,2027-01-01
116,3,,FC Pontos,FC Pontos,,2027-01-01
117,3,,FC Sovescio,FC Sovescio,,2027-01-01
118,3,,Metodo Monchi FC,Metodo Monchi FC,,2027-01-01
119,3,,Sborada,Sborada,,2027-01-01
120,3,,ZeroDayz FC,ZeroDayz FC,,2027-01-01
121,1,,AC Ciaccati,AC Ciaccati,,2028-01-01
123,1,,CyberDucks,CyberDucks,,2028-01-01
124,1,,Diablitos FC,Diablitos FC,,2028-01-01
125,1,,Diaolo Porco,Diaolo Porco,,2028-01-01
126,1,,FC Pontos,FC Pontos,,2028-01-01
127,1,,FC Sovescio,FC Sovescio,,2028-01-01
128,1,,Metodo Monchi FC,Metodo Monchi FC,,2028-01-01
129,1,,Sborada,Sborada,,2028-01-01
130,1,,ZeroDayz FC,ZeroDayz FC,,2028-01-01
131,2,,AC Ciaccati,AC Ciaccati,,2028-01-01
133,2,,CyberDucks,CyberDucks,,2028-01-01
134,2,,Diablitos FC,Diablitos FC,,2028-01-01
135,2,,Diaolo Porco,Diaolo Porco,,2028-01-01
136,2,,FC Pontos,FC Pontos,,2028-01-01
137,2,,FC Sovescio,FC Sovescio,,2028-01-01
138,2,,Metodo Monchi FC,Metodo Monchi FC,,2028-01-01
139,2,,Sborada,Sborada,,2028-01-01
140,2,,ZeroDayz FC,ZeroDayz FC,,2028-01-01
141,3,,AC Ciaccati,AC Ciaccati,,2028-01-01
143,3,,CyberDucks,CyberDucks,,2028-01-01
144,3,,Diablitos FC,Diablitos FC,,2028-01-01
145,3,,Diaolo Porco,Diaolo Porco,,2028-01-01
146,3,,FC Pontos,FC Pontos,,2028-01-01
147,3,,FC Sovescio,FC Sovescio,,2028-01-01
148,3,,Metodo Monchi FC,Metodo Monchi FC,,2028-01-01
149,3,,Sborada,Sborada,,2028-01-01
150,3,,ZeroDayz FC,ZeroDayz FC,,2028-01-01
151,1,,AC Ciaccati,AC Ciaccati,,2029-01-01
153,1,,CyberDucks,CyberDucks,,2029-01-01
154,1,,Diablitos FC,Diablitos FC,,2029-01-01
155,1,,Diaolo Porco,Diaolo Porco,,2029-01-01
156,1,,FC Pontos,FC Pontos,,2029-01-01
157,1,,FC Sovescio,FC Sovescio,,2029-01-01
158,1,,Metodo Monchi FC,Metodo Monchi FC,,2029-01-01
159,1,,Sborada,Sborada,,2029-01-01
160,1,,ZeroDayz FC,ZeroDayz FC,,2029-01-01
161,2,,AC Ciaccati,AC Ciaccati,,2029-01-01
163,2,,CyberDucks,CyberDucks,,2029-01-01
164,2,,Diablitos FC,Diablitos FC,,2029-01-01
165,2,,Diaolo Porco,Diaolo Porco,,2029-01-01
166,2,,FC Pontos,FC Pontos,,2029-01-01
167,2,,FC Sovescio,FC Sovescio,,2029-01-01
168,2,,Metodo Monchi FC,Metodo Monchi FC,,2029-01-01
169,2,,Sborada,Sborada,,2029-01-01
170,2,,ZeroDayz FC,ZeroDayz FC,,2029-01-01
171,3,,AC Ciaccati,AC Ciaccati,,2029-01-01
173,3,,CyberDucks,CyberDucks,,2029-01-01
174,3,,Diablitos FC,Diablitos FC,,2029-01-01
175,3,,Diaolo Porco,Diaolo Porco,,2029-01-01
176,3,,FC Pontos,FC Pontos,,2029-01-01
177,3,,FC Sovescio,FC Sovescio,,2029-01-01
178,3,,Metodo Monchi FC,Metodo Monchi FC,,2029-01-01
179,3,,Sborada,Sborada,,2029-01-01
180,3,,ZeroDayz FC,ZeroDayz FC,,2029-01-01
181,1,,AC Ciaccati,AC Ciaccati,,2030-01-01
183,1,,CyberDucks,CyberDucks,,2030-01-01
184,1,,Diablitos FC,Diablitos FC,,2030-01-01
185,1,,Diaolo Porco,Diaolo Porco,,2030-01-01
186,1,,FC Pontos,FC Pontos,,2030-01-01
187,1,,FC Sovescio,FC Sovescio,,2030-01-01
188,1,,Metodo Monchi FC,Metodo Monchi FC,,2030-01-01
189,1,,Sborada,Sborada,,2030-01-01
190,1,,ZeroDayz FC,ZeroDayz FC,,2030-01-01
191,2,,AC Ciaccati,AC Ciaccati,,2030-01-01
193,2,,CyberDucks,CyberDucks,,2030-01-01
194,2,,Diablitos FC,Diablitos FC,,2030-01-01
195,2,,Diaolo Porco,Diaolo Porco,,2030-01-01
196,2,,FC Pontos,FC Pontos,,2030-01-01
197,2,,FC Sovescio,FC Sovescio,,2030-01-01
198,2,,Metodo Monchi FC,Metodo Monchi FC,,2030-01-01
199,2,,Sborada,Sborada,,2030-01-01
200,2,,ZeroDayz FC,ZeroDayz FC,,2030-01-01
201,3,,AC Ciaccati,AC Ciaccati,,2030-01-01
203,3,,CyberDucks,CyberDucks,,2030-01-01
204,3,,Diablitos FC,Diablitos FC,,2030-01-01
205,3,,Diaolo Porco,Diaolo Porco,,2030-01-01
206,3,,FC Pontos,FC Pontos,,2030-01-01
207,3,,FC Sovescio,FC Sovescio,,2030-01-01
208,3,,Metodo Monchi FC,Metodo Monchi FC,,2030-01-01
209,3,,Sborada,Sborada,,2030-01-01
210,3,,ZeroDayz FC,ZeroDayz FC,,2030-01-01
211,1,,AC Ciaccati,AC Ciaccati,,2031-01-01
213,1,,CyberDucks,CyberDucks,,2031-01-01
214,1,,Diablitos FC,Diablitos FC,,2031-01-01
215,1,,Diaolo Porco,Diaolo Porco,,2031-01-01
216,1,,FC Pontos,FC Pontos,,2031-01-01
217,1,,FC Sovescio,FC Sovescio,,2031-01-01
218,1,,Metodo Monchi FC,Metodo Monchi FC,,2031-01-01
219,1,,Sborada,Sborada,,2031-01-01
220,1,,ZeroDayz FC,ZeroDayz FC,,2031-01-01
221,2,,AC Ciaccati,AC Ciaccati,,2031-01-01
223,2,,CyberDucks,CyberDucks,,2031-01-01
224,2,,Diablitos FC,Diablitos FC,,2031-01-01
225,2,,Diaolo Porco,Diaolo Porco,,2031-01-01
226,2,,FC Pontos,FC Pontos,,2031-01-01
227,2,,FC Sovescio,FC Sovescio,,2031-01-01
228,2,,Metodo Monchi FC,Metodo Monchi FC,,2031-01-01
229,2,,Sborada,Sborada,,2031-01-01
230,2,,ZeroDayz FC,ZeroDayz FC,,2031-01-01
231,3,,AC Ciaccati,AC Ciaccati,,2031-01-01
233,3,,CyberDucks,CyberDucks,,2031-01-01
234,3,,Diablitos FC,Diablitos FC,,2031-01-01
235,3,,Diaolo Porco,Diaolo Porco,,2031-01-01
236,3,,FC Pontos,FC Pontos,,2031-01-01
237,3,,FC Sovescio,FC Sovescio,,2031-01-01
238,3,,Metodo Monchi FC,Metodo Monchi FC,,2031-01-01
239,3,,Sborada,Sborada,,2031-01-01
240,3,,ZeroDayz FC,ZeroDayz FC,,2031-01-01
241,1,,AC Ciaccati,AC Ciaccati,,2032-01-01
243,1,,CyberDucks,CyberDucks,,2032-01-01
244,1,,Diablitos FC,Diablitos FC,,2032-01-01
245,1,,Diaolo Porco,Diaolo Porco,,2032-01-01
246,1,,FC Pontos,FC Pontos,,2032-01-01
247,1,,FC Sovescio,FC Sovescio,,2032-01-01
248,1,,Metodo Monchi FC,Metodo Monchi FC,,2032-01-01
249,1,,Sborada,Sborada,,2032-01-01
250,1,,ZeroDayz FC,ZeroDayz FC,,2032-01-01
251,2,,AC Ciaccati,AC Ciaccati,,2032-01-01
253,2,,CyberDucks,CyberDucks,,2032-01-01
254,2,,Diablitos FC,Diablitos FC,,2032-01-01
255,2,,Diaolo Porco,Diaolo Porco,,2032-01-01
256,2,,FC Pontos,FC Pontos,,2032-01-01
257,2,,FC Sovescio,FC Sovescio,,2032-01-01
258,2,,Metodo Monchi FC,Metodo Monchi FC,,2032-01-01
259,2,,Sborada,Sborada,,2032-01-01
260,2,,ZeroDayz FC,ZeroDayz FC,,2032-01-01
261,3,,AC Ciaccati,AC Ciaccati,,2032-01-01
263,3,,CyberDucks,CyberDucks,,2032-01-01
264,3,,Diablitos FC,Diablitos FC,,2032-01-01
265,3,,Diaolo Porco,Diaolo Porco,,2032-01-01
266,3,,FC Pontos,FC Pontos,,2032-01-01
267,3,,FC Sovescio,FC Sovescio,,2032-01-01
268,3,,Metodo Monchi FC,Metodo Monchi FC,,2032-01-01
269,3,,Sborada,Sborada,,2032-01-01
270,3,,ZeroDayz FC,ZeroDayz FC,,2032-01-01
271,1,,AC Ciaccati,AC Ciaccati,,2033-01-01
273,1,,CyberDucks,CyberDucks,,2033-01-01
274,1,,Diablitos FC,Diablitos FC,,2033-01-01
275,1,,Diaolo Porco,Diaolo Porco,,2033-01-01
276,1,,FC Pontos,FC Pontos,,2033-01-01
277,1,,FC Sovescio,FC Sovescio,,2033-01-01
278,1,,Metodo Monchi FC,Metodo Monchi FC,,2033-01-01
279,1,,Sborada,Sborada,,2033-01-01
280,1,,ZeroDayz FC,ZeroDayz FC,,2033-01-01
281,2,,AC Ciaccati,AC Ciaccati,,2033-01-01
283,2,,CyberDucks,CyberDucks,,2033-01-01
284,2,,Diablitos FC,Diablitos FC,,2033-01-01
285,2,,Diaolo Porco,Diaolo Porco,,2033-01-01
286,2,,FC Pontos,FC Pontos,,2033-01-01
287,2,,FC Sovescio,FC Sovescio,,2033-01-01
288,2,,Metodo Monchi FC,Metodo Monchi FC,,2033-01-01
289,2,,Sborada,Sborada,,2033-01-01
290,2,,ZeroDayz FC,ZeroDayz FC,,2033-01-01
291,3,,AC Ciaccati,AC Ciaccati,,2033-01-01
293,3,,CyberDucks,CyberDucks,,2033-01-01
294,3,,Diablitos FC,Diablitos FC,,2033-01-01
295,3,,Diaolo Porco,Diaolo Porco,,2033-01-01
296,3,,FC Pontos,FC Pontos,,2033-01-01
297,3,,FC Sovescio,FC Sovescio,,2033-01-01
298,3,,Metodo Monchi FC,Metodo Monchi FC,,2033-01-01
299,3,,Sborada,Sborada,,2033-01-01
300,3,,ZeroDayz FC,ZeroDayz FC,,2033-01-01
301,1,,AC Ciaccati,AC Ciaccati,,2034-01-01
303,1,,CyberDucks,CyberDucks,,2034-01-01
304,1,,Diablitos FC,Diablitos FC,,2034-01-01
305,1,,Diaolo Porco,Diaolo Porco,,2034-01-01
306,1,,FC Pontos,FC Pontos,,2034-01-01
307,1,,FC Sovescio,FC Sovescio,,2034-01-01
308,1,,Metodo Monchi FC,Metodo Monchi FC,,2034-01-01
309,1,,Sborada,Sborada,,2034-01-01
310,1,,ZeroDayz FC,ZeroDayz FC,,2034-01-01
311,2,,AC Ciaccati,AC Ciaccati,,2034-01-01
313,2,,CyberDucks,CyberDucks,,2034-01-01
314,2,,Diablitos FC,Diablitos FC,,2034-01-01
315,2,,Diaolo Porco,Diaolo Porco,,2034-01-01
316,2,,FC Pontos,FC Pontos,,2034-01-01
317,2,,FC Sovescio,FC Sovescio,,2034-01-01
318,2,,Metodo Monchi FC,Metodo Monchi FC,,2034-01-01
319,2,,Sborada,Sborada,,2034-01-01
320,2,,ZeroDayz FC,ZeroDayz FC,,2034-01-01
321,3,,AC Ciaccati,AC Ciaccati,,2034-01-01
323,3,,CyberDucks,CyberDucks,,2034-01-01
324,3,,Diablitos FC,Diablitos FC,,2034-01-01
325,3,,Diaolo Porco,Diaolo Porco,,2034-01-01
326,3,,FC Pontos,FC Pontos,,2034-01-01
327,3,,FC Sovescio,FC Sovescio,,2034-01-01
328,3,,Metodo Monchi FC,Metodo Monchi FC,,2034-01-01
329,3,,Sborada,Sborada,,2034-01-01
330,3,,ZeroDayz FC,ZeroDayz FC,,2034-01-01
331,1,,AC Ciaccati,AC Ciaccati,,2035-01-01
333,1,,CyberDucks,CyberDucks,,2035-01-01
334,1,,Diablitos FC,Diablitos FC,,2035-01-01
335,1,,Diaolo Porco,Diaolo Porco,,2035-01-01
336,1,,FC Pontos,FC Pontos,,2035-01-01
337,1,,FC Sovescio,FC Sovescio,,2035-01-01
338,1,,Metodo Monchi FC,Metodo Monchi FC,,2035-01-01
339,1,,Sborada,Sborada,,2035-01-01
340,1,,ZeroDayz FC,ZeroDayz FC,,2035-01-01
341,2,,AC Ciaccati,AC Ciaccati,,2035-01-01
343,2,,CyberDucks,CyberDucks,,2035-01-01
344,2,,Diablitos FC,Diablitos FC,,2035-01-01
345,2,,Diaolo Porco,Diaolo Porco,,2035-01-01
346,2,,FC Pontos,FC Pontos,,2035-01-01
347,2,,FC Sovescio,FC Sovescio,,2035-01-01
348,2,,Metodo Monchi FC,Metodo Monchi FC,,2035-01-01
349,2,,Sborada,Sborada,,2035-01-01
350,2,,ZeroDayz FC,ZeroDayz FC,,2035-01-01
351,3,,AC Ciaccati,AC Ciaccati,,2035-01-01
353,3,,CyberDucks,CyberDucks,,2035-01-01
354,3,,Diablitos FC,Diablitos FC,,2035-01-01
355,3,,Diaolo Porco,Diaolo Porco,,2035-01-01
356,3,,FC Pontos,FC Pontos,,2035-01-01
357,3,,FC Sovescio,FC Sovescio,,2035-01-01
358,3,,Metodo Monchi FC,Metodo Monchi FC,,2035-01-01
359,3,,Sborada,Sborada,,2035-01-01
360,3,,ZeroDayz FC,ZeroDayz FC,,2035-01-01
361,1,,AC Ciaccati,AC Ciaccati,,2036-01-01
363,1,,CyberDucks,CyberDucks,,2036-01-01
364,1,,Diablitos FC,Diablitos FC,,2036-01-01
365,1,,Diaolo Porco,Diaolo Porco,,2036-01-01
366,1,,FC Pontos,FC Pontos,,2036-01-01
367,1,,FC Sovescio,FC Sovescio,,2036-01-01
368,1,,Metodo Monchi FC,Metodo Monchi FC,,2036-01-01
369,1,,Sborada,Sborada,,2036-01-01
370,1,,ZeroDayz FC,ZeroDayz FC,,2036-01-01
371,2,,AC Ciaccati,AC Ciaccati,,2036-01-01
373,2,,CyberDucks,CyberDucks,,2036-01-01
374,2,,Diablitos FC,Diablitos FC,,2036-01-01
375,2,,Diaolo Porco,Diaolo Porco,,2036-01-01
376,2,,FC Pontos,FC Pontos,,2036-01-01
377,2,,FC Sovescio,FC Sovescio,,2036-01-01
378,2,,Metodo Monchi FC,Metodo Monchi FC,,2036-01-01
379,2,,Sborada,Sborada,,2036-01-01
380,2,,ZeroDayz FC,ZeroDayz FC,,2036-01-01
381,3,,AC Ciaccati,AC Ciaccati,,2036-01-01
383,3,,CyberDucks,CyberDucks,,2036-01-01
384,3,,Diablitos FC,Diablitos FC,,2036-01-01
385,3,,Diaolo Porco,Diaolo Porco,,2036-01-01
386,3,,FC Pontos,FC Pontos,,2036-01-01
387,3,,FC Sovescio,FC Sovescio,,2036-01-01
388,3,,Metodo Monchi FC,Metodo Monchi FC,,2036-01-01
389,3,,Sborada,Sborada,,2036-01-01
390,3,,ZeroDayz FC,ZeroDayz FC,,2036-01-01
391,1,,AC Ciaccati,AC Ciaccati,,2037-01-01
393,1,,CyberDucks,CyberDucks,,2037-01-01
394,1,,Diablitos FC,Diablitos FC,,2037-01-01
395,1,,Diaolo Porco,Diaolo Porco,,2037-01-01
396,1,,FC Pontos,FC Pontos,,2037-01-01
397,1,,FC Sovescio,FC Sovescio,,2037-01-01
398,1,,Metodo Monchi FC,Metodo Monchi FC,,2037-01-01
399,1,,Sborada,Sborada,,2037-01-01
400,1,,ZeroDayz FC,ZeroDayz FC,,2037-01-01
401,2,,AC Ciaccati,AC Ciaccati,,2037-01-01
403,2,,CyberDucks,CyberDucks,,2037-01-01
404,2,,Diablitos FC,Diablitos FC,,2037-01-01
405,2,,Diaolo Porco,Diaolo Porco,,2037-01-01
406,2,,FC Pontos,FC Pontos,,2037-01-01
407,2,,FC Sovescio,FC Sovescio,,2037-01-01
408,2,,Metodo Monchi FC,Metodo Monchi FC,,2037-01-01
409,2,,Sborada,Sborada,,2037-01-01
410,2,,ZeroDayz FC,ZeroDayz FC,,2037-01-01
411,3,,AC Ciaccati,AC Ciaccati,,2037-01-01
413,3,,CyberDucks,CyberDucks,,2037-01-01
414,3,,Diablitos FC,Diablitos FC,,2037-01-01
415,3,,Diaolo Porco,Diaolo Porco,,2037-01-01
416,3,,FC Pontos,FC Pontos,,2037-01-01
417,3,,FC Sovescio,FC Sovescio,,2037-01-01
418,3,,Metodo Monchi FC,Metodo Monchi FC,,2037-01-01
419,3,,Sborada,Sborada,,2037-01-01
420,3,,ZeroDayz FC,ZeroDayz FC,,2037-01-01
421,1,,AC Ciaccati,AC Ciaccati,,2038-01-01
423,1,,CyberDucks,CyberDucks,,2038-01-01
424,1,,Diablitos FC,Diablitos FC,,2038-01-01
425,1,,Diaolo Porco,Diaolo Porco,,2038-01-01
426,1,,FC Pontos,FC Pontos,,2038-01-01
427,1,,FC Sovescio,FC Sovescio,,2038-01-01
428,1,,Metodo Monchi FC,Metodo Monchi FC,,2038-01-01
429,1,,Sborada,Sborada,,2038-01-01
430,1,,ZeroDayz FC,ZeroDayz FC,,2038-01-01
431,2,,AC Ciaccati,AC Ciaccati,,2038-01-01
433,2,,CyberDucks,CyberDucks,,2038-01-01
434,2,,Diablitos FC,Diablitos FC,,2038-01-01
435,2,,Diaolo Porco,Diaolo Porco,,2038-01-01
436,2,,FC Pontos,FC Pontos,,2038-01-01
437,2,,FC Sovescio,FC Sovescio,,2038-01-01
438,2,,Metodo Monchi FC,Metodo Monchi FC,,2038-01-01
439,2,,Sborada,Sborada,,2038-01-01
440,2,,ZeroDayz FC,ZeroDayz FC,,2038-01-01
441,3,,AC Ciaccati,AC Ciaccati,,2038-01-01
443,3,,CyberDucks,CyberDucks,,2038-01-01
444,3,,Diablitos FC,Diablitos FC,,2038-01-01
445,3,,Diaolo Porco,Diaolo Porco,,2038-01-01
446,3,,FC Pontos,FC Pontos,,2038-01-01
447,3,,FC Sovescio,FC Sovescio,,2038-01-01
448,3,,Metodo Monchi FC,Metodo Monchi FC,,2038-01-01
449,3,,Sborada,Sborada,,2038-01-01
450,3,,ZeroDayz FC,ZeroDayz FC,,2038-01-01
451,1,,AC Ciaccati,AC Ciaccati,,2039-01-01
453,1,,CyberDucks,CyberDucks,,2039-01-01
454,1,,Diablitos FC,Diablitos FC,,2039-01-01
455,1,,Diaolo Porco,Diaolo Porco,,2039-01-01
456,1,,FC Pontos,FC Pontos,,2039-01-01
457,1,,FC Sovescio,FC Sovescio,,2039-01-01
458,1,,Metodo Monchi FC,Metodo Monchi FC,,2039-01-01
459,1,,Sborada,Sborada,,2039-01-01
460,1,,ZeroDayz FC,ZeroDayz FC,,2039-01-01
461,2,,AC Ciaccati,AC Ciaccati,,2039-01-01
463,2,,CyberDucks,CyberDucks,,2039-01-01
464,2,,Diablitos FC,Diablitos FC,,2039-01-01
465,2,,Diaolo Porco,Diaolo Porco,,2039-01-01
466,2,,FC Pontos,FC Pontos,,2039-01-01
467,2,,FC Sovescio,FC Sovescio,,2039-01-01
468,2,,Metodo Monchi FC,Metodo Monchi FC,,2039-01-01
469,2,,Sborada,Sborada,,2039-01-01
470,2,,ZeroDayz FC,ZeroDayz FC,,2039-01-01
471,3,,AC Ciaccati,AC Ciaccati,,2039-01-01
473,3,,CyberDucks,CyberDucks,,2039-01-01
474,3,,Diablitos FC,Diablitos FC,,2039-01-01
475,3,,Diaolo Porco,Diaolo Porco,,2039-01-01
476,3,,FC Pontos,FC Pontos,,2039-01-01
477,3,,FC Sovescio,FC Sovescio,,2039-01-01
478,3,,Metodo Monchi FC,Metodo Monchi FC,,2039-01-01
479,3,,Sborada,Sborada,,2039-01-01
480,3,,ZeroDayz FC,ZeroDayz FC,,2039-01-01
481,1,,AC Ciaccati,AC Ciaccati,,2040-01-01
483,1,,CyberDucks,CyberDucks,,2040-01-01
484,1,,Diablitos FC,Diablitos FC,,2040-01-01
485,1,,Diaolo Porco,Diaolo Porco,,2040-01-01
486,1,,FC Pontos,FC Pontos,,2040-01-01
487,1,,FC Sovescio,FC Sovescio,,2040-01-01
488,1,,Metodo Monchi FC,Metodo Monchi FC,,2040-01-01
489,1,,Sborada,Sborada,,2040-01-01
490,1,,ZeroDayz FC,ZeroDayz FC,,2040-01-01
491,2,,AC Ciaccati,AC Ciaccati,,2040-01-01
493,2,,CyberDucks,CyberDucks,,2040-01-01
494,2,,Diablitos FC,Diablitos FC,,2040-01-01
495,2,,Diaolo Porco,Diaolo Porco,,2040-01-01
496,2,,FC Pontos,FC Pontos,,2040-01-01
497,2,,FC Sovescio,FC Sovescio,,2040-01-01
498,2,,Metodo Monchi FC,Metodo Monchi FC,,2040-01-01
499,2,,Sborada,Sborada,,2040-01-01
500,2,,ZeroDayz FC,ZeroDayz FC,,2040-01-01
501,3,,AC Ciaccati,AC Ciaccati,,2040-01-01
503,3,,CyberDucks,CyberDucks,,2040-01-01
504,3,,Diablitos FC,Diablitos FC,,2040-01-01
505,3,,Diaolo Porco,Diaolo Porco,,2040-01-01
506,3,,FC Pontos,FC Pontos,,2040-01-01
507,3,,FC Sovescio,FC Sovescio,,2040-01-01
508,3,,Metodo Monchi FC,Metodo Monchi FC,,2040-01-01
509,3,,Sborada,Sborada,,2040-01-01
510,3,,ZeroDayz FC,ZeroDayz FC,,2040-01-01
511,1,,AC Ciaccati,AC Ciaccati,,2041-01-01
513,1,,CyberDucks,CyberDucks,,2041-01-01
514,1,,Diablitos FC,Diablitos FC,,2041-01-01
515,1,,Diaolo Porco,Diaolo Porco,,2041-01-01
516,1,,FC Pontos,FC Pontos,,2041-01-01
517,1,,FC Sovescio,FC Sovescio,,2041-01-01
518,1,,Metodo Monchi FC,Metodo Monchi FC,,2041-01-01
519,1,,Sborada,Sborada,,2041-01-01
520,1,,ZeroDayz FC,ZeroDayz FC,,2041-01-01
521,2,,AC Ciaccati,AC Ciaccati,,2041-01-01
523,2,,CyberDucks,CyberDucks,,2041-01-01
524,2,,Diablitos FC,Diablitos FC,,2041-01-01
525,2,,Diaolo Porco,Diaolo Porco,,2041-01-01
526,2,,FC Pontos,FC Pontos,,2041-01-01
527,2,,FC Sovescio,FC Sovescio,,2041-01-01
528,2,,Metodo Monchi FC,Metodo Monchi FC,,2041-01-01
529,2,,Sborada,Sborada,,2041-01-01
530,2,,ZeroDayz FC,ZeroDayz FC,,2041-01-01
531,3,,AC Ciaccati,AC Ciaccati,,2041-01-01
533,3,,CyberDucks,CyberDucks,,2041-01-01
534,3,,Diablitos FC,Diablitos FC,,2041-01-01
535,3,,Diaolo Porco,Diaolo Porco,,2041-01-01
536,3,,FC Pontos,FC Pontos,,2041-01-01
537,3,,FC Sovescio,FC Sovescio,,2041-01-01
538,3,,Metodo Monchi FC,Metodo Monchi FC,,2041-01-01
539,3,,Sborada,Sborada,,2041-01-01
540,3,,ZeroDayz FC,ZeroDayz FC,,2041-01-01
541,1,,AC Ciaccati,AC Ciaccati,,2042-01-01
543,1,,CyberDucks,CyberDucks,,2042-01-01
544,1,,Diablitos FC,Diablitos FC,,2042-01-01
545,1,,Diaolo Porco,Diaolo Porco,,2042-01-01
546,1,,FC Pontos,FC Pontos,,2042-01-01
547,1,,FC Sovescio,FC Sovescio,,2042-01-01
548,1,,Metodo Monchi FC,Metodo Monchi FC,,2042-01-01
549,1,,Sborada,Sborada,,2042-01-01
550,1,,ZeroDayz FC,ZeroDayz FC,,2042-01-01
551,2,,AC Ciaccati,AC Ciaccati,,2042-01-01
553,2,,CyberDucks,CyberDucks,,2042-01-01
554,2,,Diablitos FC,Diablitos FC,,2042-01-01
555,2,,Diaolo Porco,Diaolo Porco,,2042-01-01
556,2,,FC Pontos,FC Pontos,,2042-01-01
557,2,,FC Sovescio,FC Sovescio,,2042-01-01
558,2,,Metodo Monchi FC,Metodo Monchi FC,,2042-01-01
559,2,,Sborada,Sborada,,2042-01-01
560,2,,ZeroDayz FC,ZeroDayz FC,,2042-01-01
561,3,,AC Ciaccati,AC Ciaccati,,2042-01-01
563,3,,CyberDucks,CyberDucks,,2042-01-01
564,3,,Diablitos FC,Diablitos FC,,2042-01-01
565,3,,Diaolo Porco,Diaolo Porco,,2042-01-01
566,3,,FC Pontos,FC Pontos,,2042-01-01
567,3,,FC Sovescio,FC Sovescio,,2042-01-01
568,3,,Metodo Monchi FC,Metodo Monchi FC,,2042-01-01
569,3,,Sborada,Sborada,,2042-01-01
570,3,,ZeroDayz FC,ZeroDayz FC,,2042-01-01
571,1,,AC Ciaccati,AC Ciaccati,,2043-01-01
573,1,,CyberDucks,CyberDucks,,2043-01-01
574,1,,Diablitos FC,Diablitos FC,,2043-01-01
575,1,,Diaolo Porco,Diaolo Porco,,2043-01-01
576,1,,FC Pontos,FC Pontos,,2043-01-01
577,1,,FC Sovescio,FC Sovescio,,2043-01-01
578,1,,Metodo Monchi FC,Metodo Monchi FC,,2043-01-01
579,1,,Sborada,Sborada,,2043-01-01
580,1,,ZeroDayz FC,ZeroDayz FC,,2043-01-01
581,2,,AC Ciaccati,AC Ciaccati,,2043-01-01
583,2,,CyberDucks,CyberDucks,,2043-01-01
584,2,,Diablitos FC,Diablitos FC,,2043-01-01
585,2,,Diaolo Porco,Diaolo Porco,,2043-01-01
586,2,,FC Pontos,FC Pontos,,2043-01-01
587,2,,FC Sovescio,FC Sovescio,,2043-01-01
588,2,,Metodo Monchi FC,Metodo Monchi FC,,2043-01-01
589,2,,Sborada,Sborada,,2043-01-01
590,2,,ZeroDayz FC,ZeroDayz FC,,2043-01-01
591,3,,AC Ciaccati,AC Ciaccati,,2043-01-01
593,3,,CyberDucks,CyberDucks,,2043-01-01
594,3,,Diablitos FC,Diablitos FC,,2043-01-01
595,3,,Diaolo Porco,Diaolo Porco,,2043-01-01
596,3,,FC Pontos,FC Pontos,,2043-01-01
597,3,,FC Sovescio,FC Sovescio,,2043-01-01
598,3,,Metodo Monchi FC,Metodo Monchi FC,,2043-01-01
599,3,,Sborada,Sborada,,2043-01-01
600,3,,ZeroDayz FC,ZeroDayz FC,,2043-01-01
601,1,,AC Ciaccati,AC Ciaccati,,2044-01-01
603,1,,CyberDucks,CyberDucks,,2044-01-01
604,1,,Diablitos FC,Diablitos FC,,2044-01-01
605,1,,Diaolo Porco,Diaolo Porco,,2044-01-01
606,1,,FC Pontos,FC Pontos,,2044-01-01
607,1,,FC Sovescio,FC Sovescio,,2044-01-01
608,1,,Metodo Monchi FC,Metodo Monchi FC,,2044-01-01
609,1,,Sborada,Sborada,,2044-01-01
610,1,,ZeroDayz FC,ZeroDayz FC,,2044-01-01
611,2,,AC Ciaccati,AC Ciaccati,,2044-01-01
613,2,,CyberDucks,CyberDucks,,2044-01-01
614,2,,Diablitos FC,Diablitos FC,,2044-01-01
615,2,,Diaolo Porco,Diaolo Porco,,2044-01-01
616,2,,FC Pontos,FC Pontos,,2044-01-01
617,2,,FC Sovescio,FC Sovescio,,2044-01-01
618,2,,Metodo Monchi FC,Metodo Monchi FC,,2044-01-01
619,2,,Sborada,Sborada,,2044-01-01
620,2,,ZeroDayz FC,ZeroDayz FC,,2044-01-01
621,3,,AC Ciaccati,AC Ciaccati,,2044-01-01
623,3,,CyberDucks,CyberDucks,,2044-01-01
624,3,,Diablitos FC,Diablitos FC,,2044-01-01
625,3,,Diaolo Porco,Diaolo Porco,,2044-01-01
626,3,,FC Pontos,FC Pontos,,2044-01-01
627,3,,FC Sovescio,FC Sovescio,,2044-01-01
628,3,,Metodo Monchi FC,Metodo Monchi FC,,2044-01-01
629,3,,Sborada,Sborada,,2044-01-01
630,3,,ZeroDayz FC,ZeroDayz FC,,2044-01-01
631,1,,AC Ciaccati,AC Ciaccati,,2045-01-01
633,1,,CyberDucks,CyberDucks,,2045-01-01
634,1,,Diablitos FC,Diablitos FC,,2045-01-01
635,1,,Diaolo Porco,Diaolo Porco,,2045-01-01
636,1,,FC Pontos,FC Pontos,,2045-01-01
637,1,,FC Sovescio,FC Sovescio,,2045-01-01
638,1,,Metodo Monchi FC,Metodo Monchi FC,,2045-01-01
639,1,,Sborada,Sborada,,2045-01-01
640,1,,ZeroDayz FC,ZeroDayz FC,,2045-01-01
641,2,,AC Ciaccati,AC Ciaccati,,2045-01-01
643,2,,CyberDucks,CyberDucks,,2045-01-01
644,2,,Diablitos FC,Diablitos FC,,2045-01-01
645,2,,Diaolo Porco,Diaolo Porco,,2045-01-01
646,2,,FC Pontos,FC Pontos,,2045-01-01
647,2,,FC Sovescio,FC Sovescio,,2045-01-01
648,2,,Metodo Monchi FC,Metodo Monchi FC,,2045-01-01
649,2,,Sborada,Sborada,,2045-01-01
650,2,,ZeroDayz FC,ZeroDayz FC,,2045-01-01
651,3,,AC Ciaccati,AC Ciaccati,,2045-01-01
653,3,,CyberDucks,CyberDucks,,2045-01-01
654,3,,Diablitos FC,Diablitos FC,,2045-01-01
655,3,,Diaolo Porco,Diaolo Porco,,2045-01-01
656,3,,FC Pontos,FC Pontos,,2045-01-01
657,3,,FC Sovescio,FC Sovescio,,2045-01-01
658,3,,Metodo Monchi FC,Metodo Monchi FC,,2045-01-01
659,3,,Sborada,Sborada,,2045-01-01
660,3,,ZeroDayz FC,ZeroDayz FC,,2045-01-01
661,1,,AC Ciaccati,AC Ciaccati,,2046-01-01
663,1,,CyberDucks,CyberDucks,,2046-01-01
664,1,,Diablitos FC,Diablitos FC,,2046-01-01
665,1,,Diaolo Porco,Diaolo Porco,,2046-01-01
666,1,,FC Pontos,FC Pontos,,2046-01-01
667,1,,FC Sovescio,FC Sovescio,,2046-01-01
668,1,,Metodo Monchi FC,Metodo Monchi FC,,2046-01-01
669,1,,Sborada,Sborada,,2046-01-01
670,1,,ZeroDayz FC,ZeroDayz FC,,2046-01-01
671,2,,AC Ciaccati,AC Ciaccati,,2046-01-01
673,2,,CyberDucks,CyberDucks,,2046-01-01
674,2,,Diablitos FC,Diablitos FC,,2046-01-01
675,2,,Diaolo Porco,Diaolo Porco,,2046-01-01
676,2,,FC Pontos,FC Pontos,,2046-01-01
677,2,,FC Sovescio,FC Sovescio,,2046-01-01
678,2,,Metodo Monchi FC,Metodo Monchi FC,,2046-01-01
679,2,,Sborada,Sborada,,2046-01-01
680,2,,ZeroDayz FC,ZeroDayz FC,,2046-01-01
681,3,,AC Ciaccati,AC Ciaccati,,2046-01-01
683,3,,CyberDucks,CyberDucks,,2046-01-01
684,3,,Diablitos FC,Diablitos FC,,2046-01-01
685,3,,Diaolo Porco,Diaolo Porco,,2046-01-01
686,3,,FC Pontos,FC Pontos,,2046-01-01
687,3,,FC Sovescio,FC Sovescio,,2046-01-01
688,3,,Metodo Monchi FC,Metodo Monchi FC,,2046-01-01
689,3,,Sborada,Sborada,,2046-01-01
690,3,,ZeroDayz FC,ZeroDayz FC,,2046-01-01
691,1,,AC Ciaccati,AC Ciaccati,,2047-01-01
693,1,,CyberDucks,CyberDucks,,2047-01-01
694,1,,Diablitos FC,Diablitos FC,,2047-01-01
695,1,,Diaolo Porco,Diaolo Porco,,2047-01-01
696,1,,FC Pontos,FC Pontos,,2047-01-01
697,1,,FC Sovescio,FC Sovescio,,2047-01-01
698,1,,Metodo Monchi FC,Metodo Monchi FC,,2047-01-01
699,1,,Sborada,Sborada,,2047-01-01
700,1,,ZeroDayz FC,ZeroDayz FC,,2047-01-01
701,2,,AC Ciaccati,AC Ciaccati,,2047-01-01
703,2,,CyberDucks,CyberDucks,,2047-01-01
704,2,,Diablitos FC,Diablitos FC,,2047-01-01
705,2,,Diaolo Porco,Diaolo Porco,,2047-01-01
706,2,,FC Pontos,FC Pontos,,2047-01-01
707,2,,FC Sovescio,FC Sovescio,,2047-01-01
708,2,,Metodo Monchi FC,Metodo Monchi FC,,2047-01-01
709,2,,Sborada,Sborada,,2047-01-01
710,2,,ZeroDayz FC,ZeroDayz FC,,2047-01-01
711,3,,AC Ciaccati,AC Ciaccati,,2047-01-01
713,3,,CyberDucks,CyberDucks,,2047-01-01
714,3,,Diablitos FC,Diablitos FC,,2047-01-01
715,3,,Diaolo Porco,Diaolo Porco,,2047-01-01
716,3,,FC Pontos,FC Pontos,,2047-01-01
717,3,,FC Sovescio,FC Sovescio,,2047-01-01
718,3,,Metodo Monchi FC,Metodo Monchi FC,,2047-01-01
719,3,,Sborada,Sborada,,2047-01-01
720,3,,ZeroDayz FC,ZeroDayz FC,,2047-01-01
721,1,,AC Ciaccati,AC Ciaccati,,2048-01-01
723,1,,CyberDucks,CyberDucks,,2048-01-01
724,1,,Diablitos FC,Diablitos FC,,2048-01-01
725,1,,Diaolo Porco,Diaolo Porco,,2048-01-01
726,1,,FC Pontos,FC Pontos,,2048-01-01
727,1,,FC Sovescio,FC Sovescio,,2048-01-01
728,1,,Metodo Monchi FC,Metodo Monchi FC,,2048-01-01
729,1,,Sborada,Sborada,,2048-01-01
730,1,,ZeroDayz FC,ZeroDayz FC,,2048-01-01
731,2,,AC Ciaccati,AC Ciaccati,,2048-01-01
733,2,,CyberDucks,CyberDucks,,2048-01-01
734,2,,Diablitos FC,Diablitos FC,,2048-01-01
735,2,,Diaolo Porco,Diaolo Porco,,2048-01-01
736,2,,FC Pontos,FC Pontos,,2048-01-01
737,2,,FC Sovescio,FC Sovescio,,2048-01-01
738,2,,Metodo Monchi FC,Metodo Monchi FC,,2048-01-01
739,2,,Sborada,Sborada,,2048-01-01
740,2,,ZeroDayz FC,ZeroDayz FC,,2048-01-01
741,3,,AC Ciaccati,AC Ciaccati,,2048-01-01
743,3,,CyberDucks,CyberDucks,,2048-01-01
744,3,,Diablitos FC,Diablitos FC,,2048-01-01
745,3,,Diaolo Porco,Diaolo Porco,,2048-01-01
746,3,,FC Pontos,FC Pontos,,2048-01-01
747,3,,FC Sovescio,FC Sovescio,,2048-01-01
748,3,,Metodo Monchi FC,Metodo Monchi FC,,2048-01-01
749,3,,Sborada,Sborada,,2048-01-01
750,3,,ZeroDayz FC,ZeroDayz FC,,2048-01-01
751,1,,AC Ciaccati,AC Ciaccati,,2049-01-01
753,1,,CyberDucks,CyberDucks,,2049-01-01
754,1,,Diablitos FC,Diablitos FC,,2049-01-01
755,1,,Diaolo Porco,Diaolo Porco,,2049-01-01
756,1,,FC Pontos,FC Pontos,,2049-01-01
757,1,,FC Sovescio,FC Sovescio,,2049-01-01
758,1,,Metodo Monchi FC,Metodo Monchi FC,,2049-01-01
759,1,,Sborada,Sborada,,2049-01-01
760,1,,ZeroDayz FC,ZeroDayz FC,,2049-01-01
761,2,,AC Ciaccati,AC Ciaccati,,2049-01-01
763,2,,CyberDucks,CyberDucks,,2049-01-01
764,2,,Diablitos FC,Diablitos FC,,2049-01-01
765,2,,Diaolo Porco,Diaolo Porco,,2049-01-01
766,2,,FC Pontos,FC Pontos,,2049-01-01
767,2,,FC Sovescio,FC Sovescio,,2049-01-01
768,2,,Metodo Monchi FC,Metodo Monchi FC,,2049-01-01
769,2,,Sborada,Sborada,,2049-01-01
770,2,,ZeroDayz FC,ZeroDayz FC,,2049-01-01
771,3,,AC Ciaccati,AC Ciaccati,,2049-01-01
773,3,,CyberDucks,CyberDucks,,2049-01-01
774,3,,Diablitos FC,Diablitos FC,,2049-01-01
775,3,,Diaolo Porco,Diaolo Porco,,2049-01-01
776,3,,FC Pontos,FC Pontos,,2049-01-01
777,3,,FC Sovescio,FC Sovescio,,2049-01-01
778,3,,Metodo Monchi FC,Metodo Monchi FC,,2049-01-01
779,3,,Sborada,Sborada,,2049-01-01
780,3,,ZeroDayz FC,ZeroDayz FC,,2049-01-01
781,1,,AC Ciaccati,AC Ciaccati,,2050-01-01
783,1,,CyberDucks,CyberDucks,,2050-01-01
784,1,,Diablitos FC,Diablitos FC,,2050-01-01
785,1,,Diaolo Porco,Diaolo Porco,,2050-01-01
786,1,,FC Pontos,FC Pontos,,2050-01-01
787,1,,FC Sovescio,FC Sovescio,,2050-01-01
788,1,,Metodo Monchi FC,Metodo Monchi FC,,2050-01-01
789,1,,Sborada,Sborada,,2050-01-01
790,1,,ZeroDayz FC,ZeroDayz FC,,2050-01-01
791,2,,AC Ciaccati,AC Ciaccati,,2050-01-01
793,2,,CyberDucks,CyberDucks,,2050-01-01
794,2,,Diablitos FC,Diablitos FC,,2050-01-01
795,2,,Diaolo Porco,Diaolo Porco,,2050-01-01
796,2,,FC Pontos,FC Pontos,,2050-01-01
797,2,,FC Sovescio,FC Sovescio,,2050-01-01
798,2,,Metodo Monchi FC,Metodo Monchi FC,,2050-01-01
799,2,,Sborada,Sborada,,2050-01-01
800,2,,ZeroDayz FC,ZeroDayz FC,,2050-01-01
801,3,,AC Ciaccati,AC Ciaccati,,2050-01-01
803,3,,CyberDucks,CyberDucks,,2050-01-01
804,3,,Diablitos FC,Diablitos FC,,2050-01-01
805,3,,Diaolo Porco,Diaolo Porco,,2050-01-01
806,3,,FC Pontos,FC Pontos,,2050-01-01
807,3,,FC Sovescio,FC Sovescio,,2050-01-01
808,3,,Metodo Monchi FC,Metodo Monchi FC,,2050-01-01
809,3,,Sborada,Sborada,,2050-01-01
810,3,,ZeroDayz FC,ZeroDayz FC,,2050-01-01
811,1,,AC Ciaccati,AC Ciaccati,,2051-01-01
813,1,,CyberDucks,CyberDucks,,2051-01-01
814,1,,Diablitos FC,Diablitos FC,,2051-01-01
815,1,,Diaolo Porco,Diaolo Porco,,2051-01-01
816,1,,FC Pontos,FC Pontos,,2051-01-01
817,1,,FC Sovescio,FC Sovescio,,2051-01-01
818,1,,Metodo Monchi FC,Metodo Monchi FC,,2051-01-01
819,1,,Sborada,Sborada,,2051-01-01
820,1,,ZeroDayz FC,ZeroDayz FC,,2051-01-01
821,2,,AC Ciaccati,AC Ciaccati,,2051-01-01
823,2,,CyberDucks,CyberDucks,,2051-01-01
824,2,,Diablitos FC,Diablitos FC,,2051-01-01
825,2,,Diaolo Porco,Diaolo Porco,,2051-01-01
826,2,,FC Pontos,FC Pontos,,2051-01-01
827,2,,FC Sovescio,FC Sovescio,,2051-01-01
828,2,,Metodo Monchi FC,Metodo Monchi FC,,2051-01-01
829,2,,Sborada,Sborada,,2051-01-01
830,2,,ZeroDayz FC,ZeroDayz FC,,2051-01-01
831,3,,AC Ciaccati,AC Ciaccati,,2051-01-01
833,3,,CyberDucks,CyberDucks,,2051-01-01
834,3,,Diablitos FC,Diablitos FC,,2051-01-01
835,3,,Diaolo Porco,Diaolo Porco,,2051-01-01
836,3,,FC Pontos,FC Pontos,,2051-01-01
837,3,,FC Sovescio,FC Sovescio,,2051-01-01
838,3,,Metodo Monchi FC,Metodo Monchi FC,,2051-01-01
839,3,,Sborada,Sborada,,2051-01-01
840,3,,ZeroDayz FC,ZeroDayz FC,,2051-01-01
841,1,,AC Ciaccati,AC Ciaccati,,2052-01-01
843,1,,CyberDucks,CyberDucks,,2052-01-01
844,1,,Diablitos FC,Diablitos FC,,2052-01-01
845,1,,Diaolo Porco,Diaolo Porco,,2052-01-01
846,1,,FC Pontos,FC Pontos,,2052-01-01
847,1,,FC Sovescio,FC Sovescio,,2052-01-01
848,1,,Metodo Monchi FC,Metodo Monchi FC,,2052-01-01
849,1,,Sborada,Sborada,,2052-01-01
850,1,,ZeroDayz FC,ZeroDayz FC,,2052-01-01
851,2,,AC Ciaccati,AC Ciaccati,,2052-01-01
853,2,,CyberDucks,CyberDucks,,2052-01-01
854,2,,Diablitos FC,Diablitos FC,,2052-01-01
855,2,,Diaolo Porco,Diaolo Porco,,2052-01-01
856,2,,FC Pontos,FC Pontos,,2052-01-01
857,2,,FC Sovescio,FC Sovescio,,2052-01-01
858,2,,Metodo Monchi FC,Metodo Monchi FC,,2052-01-01
859,2,,Sborada,Sborada,,2052-01-01
860,2,,ZeroDayz FC,ZeroDayz FC,,2052-01-01
861,3,,AC Ciaccati,AC Ciaccati,,2052-01-01
863,3,,CyberDucks,CyberDucks,,2052-01-01
864,3,,Diablitos FC,Diablitos FC,,2052-01-01
865,3,,Diaolo Porco,Diaolo Porco,,2052-01-01
866,3,,FC Pontos,FC Pontos,,2052-01-01
867,3,,FC Sovescio,FC Sovescio,,2052-01-01
868,3,,Metodo Monchi FC,Metodo Monchi FC,,2052-01-01
869,3,,Sborada,Sborada,,2052-01-01
870,3,,ZeroDayz FC,ZeroDayz FC,,2052-01-01
871,1,,AC Ciaccati,AC Ciaccati,,2053-01-01
873,1,,CyberDucks,CyberDucks,,2053-01-01
874,1,,Diablitos FC,Diablitos FC,,2053-01-01
875,1,,Diaolo Porco,Diaolo Porco,,2053-01-01
876,1,,FC Pontos,FC Pontos,,2053-01-01
877,1,,FC Sovescio,FC Sovescio,,2053-01-01
878,1,,Metodo Monchi FC,Metodo Monchi FC,,2053-01-01
879,1,,Sborada,Sborada,,2053-01-01
880,1,,ZeroDayz FC,ZeroDayz FC,,2053-01-01
881,2,,AC Ciaccati,AC Ciaccati,,2053-01-01
883,2,,CyberDucks,CyberDucks,,2053-01-01
884,2,,Diablitos FC,Diablitos FC,,2053-01-01
885,2,,Diaolo Porco,Diaolo Porco,,2053-01-01
886,2,,FC Pontos,FC Pontos,,2053-01-01
887,2,,FC Sovescio,FC Sovescio,,2053-01-01
888,2,,Metodo Monchi FC,Metodo Monchi FC,,2053-01-01
889,2,,Sborada,Sborada,,2053-01-01
890,2,,ZeroDayz FC,ZeroDayz FC,,2053-01-01
891,3,,AC Ciaccati,AC Ciaccati,,2053-01-01
893,3,,CyberDucks,CyberDucks,,2053-01-01
894,3,,Diablitos FC,Diablitos FC,,2053-01-01
895,3,,Diaolo Porco,Diaolo Porco,,2053-01-01
896,3,,FC Pontos,FC Pontos,,2053-01-01
897,3,,FC Sovescio,FC Sovescio,,2053-01-01
898,3,,Metodo Monchi FC,Metodo Monchi FC,,2053-01-01
899,3,,Sborada,Sborada,,2053-01-01
900,3,,ZeroDayz FC,ZeroDayz FC,,2053-01-01
901,1,,AC Ciaccati,AC Ciaccati,,2054-01-01
903,1,,CyberDucks,CyberDucks,,2054-01-01
904,1,,Diablitos FC,Diablitos FC,,2054-01-01
905,1,,Diaolo Porco,Diaolo Porco,,2054-01-01
906,1,,FC Pontos,FC Pontos,,2054-01-01
907,1,,FC Sovescio,FC Sovescio,,2054-01-01
908,1,,Metodo Monchi FC,Metodo Monchi FC,,2054-01-01
909,1,,Sborada,Sborada,,2054-01-01
910,1,,ZeroDayz FC,ZeroDayz FC,,2054-01-01
911,2,,AC Ciaccati,AC Ciaccati,,2054-01-01
913,2,,CyberDucks,CyberDucks,,2054-01-01
914,2,,Diablitos FC,Diablitos FC,,2054-01-01
915,2,,Diaolo Porco,Diaolo Porco,,2054-01-01
916,2,,FC Pontos,FC Pontos,,2054-01-01
917,2,,FC Sovescio,FC Sovescio,,2054-01-01
918,2,,Metodo Monchi FC,Metodo Monchi FC,,2054-01-01
919,2,,Sborada,Sborada,,2054-01-01
920,2,,ZeroDayz FC,ZeroDayz FC,,2054-01-01
921,3,,AC Ciaccati,AC Ciaccati,,2054-01-01
923,3,,CyberDucks,CyberDucks,,2054-01-01
924,3,,Diablitos FC,Diablitos FC,,2054-01-01
925,3,,Diaolo Porco,Diaolo Porco,,2054-01-01
926,3,,FC Pontos,FC Pontos,,2054-01-01
927,3,,FC Sovescio,FC Sovescio,,2054-01-01
928,3,,Metodo Monchi FC,Metodo Monchi FC,,2054-01-01
929,3,,Sborada,Sborada,,2054-01-01
930,3,,ZeroDayz FC,ZeroDayz FC,,2054-01-01
931,1,,AC Ciaccati,AC Ciaccati,,2055-01-01
933,1,,CyberDucks,CyberDucks,,2055-01-01
934,1,,Diablitos FC,Diablitos FC,,2055-01-01
935,1,,Diaolo Porco,Diaolo Porco,,2055-01-01
936,1,,FC Pontos,FC Pontos,,2055-01-01
937,1,,FC Sovescio,FC Sovescio,,2055-01-01
938,1,,Metodo Monchi FC,Metodo Monchi FC,,2055-01-01
939,1,,Sborada,Sborada,,2055-01-01
940,1,,ZeroDayz FC,ZeroDayz FC,,2055-01-01
941,2,,AC Ciaccati,AC Ciaccati,,2055-01-01
943,2,,CyberDucks,CyberDucks,,2055-01-01
944,2,,Diablitos FC,Diablitos FC,,2055-01-01
945,2,,Diaolo Porco,Diaolo Porco,,2055-01-01
946,2,,FC Pontos,FC Pontos,,2055-01-01
947,2,,FC Sovescio,FC Sovescio,,2055-01-01
948,2,,Metodo Monchi FC,Metodo Monchi FC,,2055-01-01
949,2,,Sborada,Sborada,,2055-01-01
950,2,,ZeroDayz FC,ZeroDayz FC,,2055-01-01
951,3,,AC Ciaccati,AC Ciaccati,,2055-01-01
953,3,,CyberDucks,CyberDucks,,2055-01-01
954,3,,Diablitos FC,Diablitos FC,,2055-01-01
955,3,,Diaolo Porco,Diaolo Porco,,2055-01-01
956,3,,FC Pontos,FC Pontos,,2055-01-01
957,3,,FC Sovescio,FC Sovescio,,2055-01-01
958,3,,Metodo Monchi FC,Metodo Monchi FC,,2055-01-01
959,3,,Sborada,Sborada,,2055-01-01
960,3,,ZeroDayz FC,ZeroDayz FC,,2055-01-01
961,1,,AC Ciaccati,AC Ciaccati,,2056-01-01
963,1,,CyberDucks,CyberDucks,,2056-01-01
964,1,,Diablitos FC,Diablitos FC,,2056-01-01
965,1,,Diaolo Porco,Diaolo Porco,,2056-01-01
966,1,,FC Pontos,FC Pontos,,2056-01-01
967,1,,FC Sovescio,FC Sovescio,,2056-01-01
968,1,,Metodo Monchi FC,Metodo Monchi FC,,2056-01-01
969,1,,Sborada,Sborada,,2056-01-01
970,1,,ZeroDayz FC,ZeroDayz FC,,2056-01-01
971,2,,AC Ciaccati,AC Ciaccati,,2056-01-01
973,2,,CyberDucks,CyberDucks,,2056-01-01
974,2,,Diablitos FC,Diablitos FC,,2056-01-01
975,2,,Diaolo Porco,Diaolo Porco,,2056-01-01
976,2,,FC Pontos,FC Pontos,,2056-01-01
977,2,,FC Sovescio,FC Sovescio,,2056-01-01
978,2,,Metodo Monchi FC,Metodo Monchi FC,,2056-01-01
979,2,,Sborada,Sborada,,2056-01-01
980,2,,ZeroDayz FC,ZeroDayz FC,,2056-01-01
981,3,,AC Ciaccati,AC Ciaccati,,2056-01-01
983,3,,CyberDucks,CyberDucks,,2056-01-01
984,3,,Diablitos FC,Diablitos FC,,2056-01-01
985,3,,Diaolo Porco,Diaolo Porco,,2056-01-01
986,3,,FC Pontos,FC Pontos,,2056-01-01
987,3,,FC Sovescio,FC Sovescio,,2056-01-01
988,3,,Metodo Monchi FC,Metodo Monchi FC,,2056-01-01
989,3,,Sborada,Sborada,,2056-01-01
990,3,,ZeroDayz FC,ZeroDayz FC,,2056-01-01
2,1,2.0,Al-Colizzati,Al-Colizzati,820.0,2024-01-01
19,2,19.0,Al-Colizzati,Al-Colizzati,100.0,2024-01-01
22,3,22.0,Al-Colizzati,Al-Colizzati,483.0,2024-01-01
39,1,9.0,Al-Colizzati,Al-Colizzati,408.0,2025-01-01
49,2,19.0,Al-Colizzati,Al-Colizzati,273.0,2025-01-01
59,3,29.0,Al-Colizzati,Al-Colizzati,113.0,2025-01-01
92,1,,Al-Colizzati,Al-Colizzati,,2027-01-01
102,2,,Al-Colizzati,Al-Colizzati,,2027-01-01
112,3,,Al-Colizzati,Al-Colizzati,,2027-01-01
122,1,,Al-Colizzati,Al-Colizzati,,2028-01-01
132,2,,Al-Colizzati,Al-Colizzati,,2028-01-01
142,3,,Al-Colizzati,Al-Colizzati,,2028-01-01
152,1,,Al-Colizzati,Al-Colizzati,,2029-01-01
162,2,,Al-Colizzati,Al-Colizzati,,2029-01-01
172,3,,Al-Colizzati,Al-Colizzati,,2029-01-01
182,1,,Al-Colizzati,Al-Colizzati,,2030-01-01
192,2,,Al-Colizzati,Al-Colizzati,,2030-01-01
202,3,,Al-Colizzati,Al-Colizzati,,2030-01-01
212,1,,Al-Colizzati,Al-Colizzati,,2031-01-01
222,2,,Al-Colizzati,Al-Colizzati,,2031-01-01
232,3,,Al-Colizzati,Al-Colizzati,,2031-01-01
242,1,,Al-Colizzati,Al-Colizzati,,2032-01-01
252,2,,Al-Colizzati,Al-Colizzati,,2032-01-01
262,3,,Al-Colizzati,Al-Colizzati,,2032-01-01
272,1,,Al-Colizzati,Al-Colizzati,,2033-01-01
282,2,,Al-Colizzati,Al-Colizzati,,2033-01-01
292,3,,Al-Colizzati,Al-Colizzati,,2033-01-01
302,1,,Al-Colizzati,Al-Colizzati,,2034-01-01
312,2,,Al-Colizzati,Al-Colizzati,,2034-01-01
322,3,,Al-Colizzati,Al-Colizzati,,2034-01-01
332,1,,Al-Colizzati,Al-Colizzati,,2035-01-01
342,2,,Al-Colizzati,Al-Colizzati,,2035-01-01
352,3,,Al-Colizzati,Al-Colizzati,,2035-01-01
362,1,,Al-Colizzati,Al-Colizzati,,2036-01-01
372,2,,Al-Colizzati,Al-Colizzati,,2036-01-01
382,3,,Al-Colizzati,Al-Colizzati,,2036-01-01
392,1,,Al-Colizzati,Al-Colizzati,,2037-01-01
402,2,,Al-Colizzati,Al-Colizzati,,2037-01-01
412,3,,Al-Colizzati,Al-Colizzati,,2037-01-01
422,1,,Al-Colizzati,Al-Colizzati,,2038-01-01
432,2,,Al-Colizzati,Al-Colizzati,,2038-01-01
442,3,,Al-Colizzati,Al-Colizzati,,2038-01-01
452,1,,Al-Colizzati,Al-Colizzati,,2039-01-01
462,2,,Al-Colizzati,Al-Colizzati,,2039-01-01
472,3,,Al-Colizzati,Al-Colizzati,,2039-01-01
482,1,,Al-Colizzati,Al-Colizzati,,2040-01-01
492,2,,Al-Colizzati,Al-Colizzati,,2040-01-01
502,3,,Al-Colizzati,Al-Colizzati,,2040-01-01
512,1,,Al-Colizzati,Al-Colizzati,,2041-01-01
522,2,,Al-Colizzati,Al-Colizzati,,2041-01-01
532,3,,Al-Colizzati,Al-Colizzati,,2041-01-01
542,1,,Al-Colizzati,Al-Colizzati,,2042-01-01
552,2,,Al-Colizzati,Al-Colizzati,,2042-01-01
562,3,,Al-Colizzati,Al-Colizzati,,2042-01-01
572,1,,Al-Colizzati,Al-Colizzati,,2043-01-01
582,2,,Al-Colizzati,Al-Colizzati,,2043-01-01
592,3,,Al-Colizzati,Al-Colizzati,,2043-01-01
602,1,,Al-Colizzati,Al-Colizzati,,2044-01-01
612,2,,Al-Colizzati,Al-Colizzati,,2044-01-01
622,3,,Al-Colizzati,Al-Colizzati,,2044-01-01
632,1,,Al-Colizzati,Al-Colizzati,,2045-01-01
642,2,,Al-Colizzati,Al-Colizzati,,2045-01-01
652,3,,Al-Colizzati,Al-Colizzati,,2045-01-01
662,1,,Al-Colizzati,Al-Colizzati,,2046-01-01
672,2,,Al-Colizzati,Al-Colizzati,,2046-01-01
682,3,,Al-Colizzati,Al-Colizzati,,2046-01-01
692,1,,Al-Colizzati,Al-Colizzati,,2047-01-01
702,2,,Al-Colizzati,Al-Colizzati,,2047-01-01
712,3,,Al-Colizzati,Al-Colizzati,,2047-01-01
722,1,,Al-Colizzati,Al-Colizzati,,2048-01-01
732,2,,Al-Colizzati,Al-Colizzati,,2048-01-01
742,3,,Al-Colizzati,Al-Colizzati,,2048-01-01
62,1,2.0,Al-Colizzati,Al-Colizzati,,2026-01-01
72,2,12.0,Al-Colizzati,Al-Colizzati,,2026-01-01
82,3,22.0,Al-Colizzati,Al-Colizzati,,2026-01-01
752,1,,Al-Colizzati,Al-Colizzati,,2049-01-01
762,2,,Al-Colizzati,Al-Colizzati,,2049-01-01
772,3,,Al-Colizzati,Al-Colizzati,,2049-01-01
782,1,,Al-Colizzati,Al-Colizzati,,2050-01-01
792,2,,Al-Colizzati,Al-Colizzati,,2050-01-01
802,3,,Al-Colizzati,Al-Colizzati,,2050-01-01
812,1,,Al-Colizzati,Al-Colizzati,,2051-01-01
822,2,,Al-Colizzati,Al-Colizzati,,2051-01-01
832,3,,Al-Colizzati,Al-Colizzati,,2051-01-01
842,1,,Al-Colizzati,Al-Colizzati,,2052-01-01
852,2,,Al-Colizzati,Al-Colizzati,,2052-01-01
862,3,,Al-Colizzati,Al-Colizzati,,2052-01-01
872,1,,Al-Colizzati,Al-Colizzati,,2053-01-01
882,2,,Al-Colizzati,Al-Colizzati,,2053-01-01
892,3,,Al-Colizzati,Al-Colizzati,,2053-01-01
902,1,,Al-Colizzati,Al-Colizzati,,2054-01-01
912,2,,Al-Colizzati,Al-Colizzati,,2054-01-01
922,3,,Al-Colizzati,Al-Colizzati,,2054-01-01
932,1,,Al-Colizzati,Al-Colizzati,,2055-01-01
942,2,,Al-Colizzati,Al-Colizzati,,2055-01-01
952,3,,Al-Colizzati,Al-Colizzati,,2055-01-01
962,1,,Al-Colizzati,Al-Colizzati,,2056-01-01
972,2,,Al-Colizzati,Al-Colizzati,,2056-01-01
982,3,,Al-Colizzati,Al-Colizzati,,2056-01-01
68,1,10.0,Metodo Monchi FC,Metodo Monchi FC,,2026-01-01
78,2,20.0,Metodo Monchi FC,Metodo Monchi FC,,2026-01-01
88,3,30.0,Metodo Monchi FC,Metodo Monchi FC,,2026-01-01
